img,gain,gt_in,n_glance,n_glance_lo,edge_mean,edge_top10,n_slice_dets
1,0,0,1,1,0.5360952615737915,0.8720929622650146,0
1,12,45,45,38,0.5249249339103699,0.922642171382904,23
1,5,18,5,5,0.4008408486843109,0.6044639945030212,6
1,0,0,5,3,0.44211679697036743,0.7701542377471924,0
1,0,0,5,3,0.38879215717315674,0.7406478524208069,0
1,0,1,3,2,0.5059520602226257,0.7630095481872559,0
1,0,4,17,11,0.4924544394016266,0.763674795627594,3
1,0,5,9,2,0.45432040095329285,0.7720513343811035,5
1,0,0,4,4,0.41802743077278137,0.6374611258506775,0
1,0,0,4,4,0.3500676453113556,0.615399181842804,0
1,2,3,1,1,0.5060160160064697,0.7550230622291565,2
1,1,3,8,4,0.4794473648071289,0.7358912229537964,3
1,0,4,9,2,0.458821177482605,0.7936134338378906,4
1,0,0,3,3,0.4516616463661194,0.6702613830566406,0
1,0,0,4,4,0.3877134323120117,0.6330862045288086,0
2,0,0,6,6,0.4022486209869385,0.5868250727653503,2
2,2,6,2,1,0.4029892086982727,0.5940924882888794,5
2,8,33,34,26,0.45770859718322754,0.751700758934021,25
2,1,3,2,1,0.5371007323265076,0.8941277861595154,2
2,0,0,0,0,0.4344412088394165,0.8945567607879639,0
2,0,0,4,4,0.4271484911441803,0.5837092995643616,0
2,2,4,7,5,0.47688961029052734,0.8479775786399841,4
2,1,4,8,5,0.4175201952457428,0.7691730856895447,6
2,0,0,1,1,0.4890390932559967,0.6633408665657043,0
2,0,0,1,1,0.4678501784801483,0.6915940642356873,0
2,1,2,6,6,0.4329679310321808,0.8006506562232971,3
2,1,5,12,9,0.5130867958068848,0.8979501128196716,3
2,1,4,9,4,0.39279910922050476,0.8034281730651855,3
2,0,0,1,1,0.48982611298561096,0.6948018670082092,0
2,0,0,1,1,0.4708901047706604,0.7440274953842163,0
3,0,0,3,3,0.36420920491218567,0.5543719530105591,1
3,0,1,15,15,0.3390962779521942,0.6017999053001404,6
3,2,5,18,15,0.29720109701156616,0.5467892289161682,14
3,0,3,4,4,0.4695943295955658,0.97190260887146,1
3,0,1,3,3,0.5414791107177734,0.9970665574073792,0
3,0,0,0,0,0.38819533586502075,0.48973965644836426,0
3,2,3,4,4,0.3448784649372101,0.5620912909507751,3
3,6,15,19,14,0.2847428023815155,0.5522698163986206,10
3,2,5,12,11,0.384766161441803,0.6730433106422424,2
3,0,1,3,3,0.44427984952926636,0.8073586821556091,0
3,0,0,0,0,0.37260013818740845,0.4846029579639435,0
3,2,4,10,8,0.3298633098602295,0.5384334325790405,3
3,5,8,18,12,0.29544949531555176,0.5745779871940613,7
3,2,2,15,10,0.3567880392074585,0.6704860329627991,5
3,0,0,4,2,0.40956979990005493,0.7296457290649414,0
4,0,0,0,0,0.6176031231880188,0.9445672631263733,0
4,3,6,9,9,0.6209110617637634,0.9623439908027649,5
4,5,26,49,43,0.5529197454452515,0.9038469195365906,17
4,0,0,6,6,0.3244902789592743,0.6342310309410095,2
4,0,0,0,0,0.28301095962524414,0.5227895379066467,3
4,0,0,1,1,0.4772903621196747,0.8631444573402405,0
4,5,10,14,14,0.5789924263954163,0.9287807941436768,8
4,6,23,41,40,0.4788755774497986,0.8761723637580872,11
4,2,8,19,16,0.25419190526008606,0.6832364201545715,2
4,0,6,18,14,0.21932466328144073,0.5450530648231506,5
4,0,0,1,1,0.4344905614852905,0.8615089058876038,0
4,5,9,16,13,0.5370635390281677,0.9253509640693665,9
4,10,14,27,25,0.3821314573287964,0.79597407579422,12
4,0,4,15,12,0.20349641144275665,0.5932287573814392,0
4,0,6,18,14,0.18714092671871185,0.5434299111366272,7
5,2,5,9,7,0.38056811690330505,0.645110011100769,7
5,18,38,32,19,0.5423410534858704,0.910503089427948,41
5,17,39,32,19,0.4865765869617462,0.8419103622436523,32
5,0,0,1,1,0.3277463912963867,0.6316429376602173,2
5,0,0,0,0,0.3003508150577545,0.6316990852355957,0
5,0,0,11,11,0.5326313376426697,0.9502555727958679,0
5,0,7,12,7,0.3930433690547943,0.8764761686325073,10
5,0,3,10,6,0.3298584818840027,0.6668323278427124,2
5,1,2,3,2,0.29764702916145325,0.5433204174041748,1
5,0,0,3,2,0.2882439196109772,0.531518816947937,0
5,0,0,10,9,0.5598583817481995,0.9507777690887451,0
5,0,4,11,9,0.3901570439338684,0.8387740850448608,4
5,2,4,14,8,0.3173266649246216,0.6604834794998169,5
5,2,3,5,3,0.2848816215991974,0.5214499831199646,2
5,0,0,5,4,0.26081526279449463,0.5004996061325073,1
6,0,2,1,1,0.3628072738647461,0.5580083727836609,1
6,4,18,10,4,0.4513230621814728,0.766633927822113,17
6,9,23,19,8,0.502507209777832,0.9121941924095154,25
6,3,12,15,6,0.44390296936035156,0.7161456942558289,16
6,2,8,11,6,0.40022867918014526,0.6558157205581665,11
6,0,6,19,12,0.373832643032074,0.8620565533638,9
6,2,16,20,4,0.4671476185321808,0.949451208114624,25
6,0,13,18,0,0.42849603295326233,0.9157592058181763,19
6,1,9,15,3,0.31004664301872253,0.7520169615745544,13
6,0,3,8,2,0.26215606927871704,0.5987103581428528,7
6,0,9,20,11,0.3574177920818329,0.8643257021903992,8
6,1,12,14,2,0.39200690388679504,0.9248443245887756,16
6,0,7,12,1,0.36050376296043396,0.8235700130462646,9
6,0,5,10,4,0.2761896550655365,0.6735137701034546,7
6,0,1,5,3,0.23975121974945068,0.5330191850662231,4
7,0,0,0,0,0.37955933809280396,0.5879586935043335,0
7,20,45,36,29,0.38671034574508667,0.8878053426742554,35
7,14,29,11,8,0.2908453345298767,0.7217642068862915,25
7,0,1,0,0,0.20317736268043518,0.36607152223587036,0
7,0,0,0,0,0.18173879384994507,0.34224164485931396,0
7,0,0,0,0,0.4156835675239563,0.7061528563499451,0
7,3,9,16,9,0.40418869256973267,0.8155727386474609,21
7,2,11,13,3,0.39855051040649414,0.9789876341819763,22
7,0,0,3,1,0.2309112846851349,0.706226646900177,4
7,2,7,11,9,0.15950828790664673,0.3134666681289673,3
7,0,0,0,0,0.4358646869659424,0.7062907814979553,0
7,2,4,8,4,0.3839569389820099,0.7383862137794495,16
7,2,8,11,2,0.3847033977508545,0.9698343276977539,24
7,1,4,10,7,0.24982386827468872,0.7269794344902039,7
7,2,9,18,14,0.16724243760108948,0.4202815294265747,5
8,2,2,16,13,0.5582922697067261,0.9390265345573425,2
8,10,25,34,32,0.5397220253944397,0.8690062165260315,14
8,11,37,36,29,0.47233909368515015,0.9007629752159119,18
8,1,13,7,7,0.47142812609672546,0.7838245034217834,1
8,0,5,3,3,0.49149349331855774,0.7777916193008423,0
8,2,3,16,14,0.45268890261650085,0.6822250485420227,6
8,0,5,11,10,0.5098458528518677,0.738712728023529,6
8,6,18,28,23,0.396656334400177,0.8517022132873535,15
8,1,1,5,5,0.34195634722709656,0.5049928426742554,3
8,0,0,1,1,0.3680708110332489,0.49267342686653137,1
8,0,1,2,2,0.4380248188972473,0.6725653409957886,1
8,6,10,8,6,0.43543702363967896,0.6854017376899719,10
8,4,7,18,16,0.27404242753982544,0.7467988133430481,10
8,3,3,7,6,0.26585039496421814,0.5111961960792542,5
8,0,0,1,1,0.2955281734466553,0.4763074815273285,1
9,1,12,16,11,0.3645113706588745,0.8383342027664185,10
9,7,17,10,9,0.3480518162250519,0.664561927318573,12
9,10,33,15,11,0.4678226709365845,0.8253222107887268,12
9,2,13,10,10,0.44047969579696655,0.698181688785553,3
9,1,7,5,5,0.40544724464416504,0.6345345377922058,2
9,4,8,15,10,0.3140014708042145,0.6860643029212952,12
9,10,27,28,21,0.32496678829193115,0.8446006178855896,23
9,6,24,17,10,0.3492451310157776,0.8606348633766174,16
9,1,8,6,6,0.2529609203338623,0.40588459372520447,2
9,1,7,4,4,0.24637332558631897,0.3561655282974243,2
9,7,9,36,28,0.3737039566040039,0.7674789428710938,18
9,7,23,34,24,0.369947224855423,0.9246535301208496,20
9,5,11,9,6,0.29285478591918945,0.7274101376533508,11
9,0,0,0,0,0.21967002749443054,0.2875352203845978,0
9,0,0,0,0,0.2227063626050949,0.28502365946769714,0
10,0,2,6,2,0.3033919334411621,0.6396223306655884,3
10,0,19,20,11,0.3895655572414398,0.8320013880729675,7
10,0,20,21,11,0.39867353439331055,0.8447920083999634,5
10,0,2,6,2,0.29371047019958496,0.6186276078224182,3
10,0,20,20,11,0.4117550253868103,0.8664871454238892,7
10,0,21,21,11,0.4229395389556885,0.876907229423523,6
11,0,2,3,0,0.5188156366348267,0.8962563276290894,3
11,0,9,7,4,0.45947495102882385,0.8648288249969482,3
11,0,10,9,5,0.442033588886261,0.8627514839172363,5
11,0,2,3,0,0.5218982100486755,0.8737489581108093,3
11,0,9,7,4,0.48845458030700684,0.8719552755355835,3
11,0,10,9,5,0.4698599874973297,0.8703455328941345,5
12,0,2,4,1,0.5269598960876465,0.8710318803787231,2
12,1,3,10,5,0.454569935798645,0.8927938938140869,3
12,1,2,6,4,0.4484204053878784,0.8779724836349487,1
12,0,2,4,1,0.5206208229064941,0.8580753207206726,2
12,1,3,10,5,0.47142595052719116,0.8927938938140869,3
12,1,2,6,4,0.46565932035446167,0.8779724836349487,1
13,1,8,14,7,0.44281214475631714,0.8443719148635864,7
13,6,23,19,9,0.40170732140541077,0.7744473218917847,14
13,5,23,20,10,0.39259329438209534,0.7647545337677002,13
13,1,12,16,8,0.42054909467697144,0.796342134475708,8
13,6,23,19,9,0.3766457438468933,0.7602981328964233,16
13,5,23,20,10,0.3677700161933899,0.7526500821113586,12
14,4,11,30,21,0.32860487699508667,0.7420019507408142,13
14,6,24,50,39,0.42859503626823425,0.9143234491348267,16
14,5,22,43,33,0.42496228218078613,0.9094749689102173,14
14,3,11,30,21,0.3171958923339844,0.7345360517501831,13
14,6,24,50,39,0.40940767526626587,0.9138874411582947,16
14,5,22,43,33,0.40454256534576416,0.908667266368866,14
15,0,10,21,13,0.37407833337783813,0.8718428015708923,8
15,0,5,3,1,0.3157990872859955,0.7450176477432251,5
15,0,5,3,1,0.3059142529964447,0.727679967880249,5
15,2,10,21,13,0.3615878224372864,0.8718428611755371,9
15,0,5,3,1,0.30238449573516846,0.7419960498809814,5
15,1,5,3,1,0.29063481092453003,0.712466299533844,5
16,0,8,16,6,0.37523919343948364,0.8058617115020752,7
16,0,2,13,7,0.3419657349586487,0.7505608201026917,4
16,0,2,13,7,0.33700791001319885,0.7513065338134766,4
16,0,8,16,6,0.3694685101509094,0.8058617115020752,8
16,0,2,13,7,0.33521661162376404,0.7505608201026917,2
16,0,2,13,7,0.3303859233856201,0.7513066530227661,2
17,1,7,14,7,0.44281214475631714,0.8443719148635864,7
17,6,23,19,9,0.40170732140541077,0.7744473218917847,14
17,4,23,20,10,0.39259329438209534,0.7647545337677002,13
17,1,9,16,8,0.42054909467697144,0.796342134475708,8
17,6,23,19,9,0.3766457438468933,0.7602981328964233,16
17,5,23,20,10,0.3677700161933899,0.7526500821113586,12
18,0,1,10,8,0.28033024072647095,0.6621049642562866,3
18,6,21,38,29,0.3962958753108978,0.8832303285598755,18
18,5,21,38,29,0.3910143971443176,0.8752361536026001,18
18,0,1,10,8,0.2708304524421692,0.629692792892456,3
18,7,21,38,29,0.3784709870815277,0.8804842233657837,18
18,4,21,38,29,0.37309688329696655,0.8721122145652771,15
19,0,10,22,12,0.3859746754169464,0.8463438153266907,9
19,0,7,16,10,0.239468514919281,0.7075263261795044,6
19,0,6,16,10,0.2305343747138977,0.7007282972335815,6
19,0,10,22,12,0.3811185956001282,0.8463438749313354,9
19,0,7,16,10,0.22685162723064423,0.6757781505584717,5
19,1,6,16,10,0.21616224944591522,0.658187747001648,7
20,0,10,8,2,0.36842724680900574,0.8269524574279785,5
20,0,2,13,8,0.32527172565460205,0.7390042543411255,3
20,0,2,13,8,0.3224017024040222,0.7360739707946777,4
20,0,10,8,2,0.36298996210098267,0.8269525170326233,5
20,0,2,13,8,0.31797847151756287,0.7390042543411255,3
20,0,2,13,8,0.31563371419906616,0.7360740900039673,3
21,1,11,23,15,0.4004087448120117,0.9232092499732971,9
21,0,9,13,7,0.2906598150730133,0.8168622851371765,5
21,0,6,12,7,0.2715919613838196,0.7613109350204468,3
21,2,11,23,15,0.396439790725708,0.9217318296432495,9
21,0,9,13,7,0.29891735315322876,0.8168622851371765,5
21,1,6,12,7,0.27976226806640625,0.7613109350204468,4
22,1,4,7,5,0.3501433730125427,0.8191697001457214,2
22,0,3,7,4,0.4107074439525604,0.9128262996673584,3
22,0,3,7,4,0.40735384821891785,0.914240300655365,3
22,0,4,7,5,0.3443610370159149,0.8115785717964172,3
22,0,3,7,4,0.38746416568756104,0.8698216080665588,3
22,0,3,7,4,0.38143011927604675,0.8703479766845703,3
23,0,3,5,2,0.3827335238456726,0.8245714902877808,3
23,0,9,11,6,0.3354286551475525,0.8511240482330322,5
23,0,7,9,6,0.32152923941612244,0.8328783512115479,3
23,0,3,5,2,0.36916959285736084,0.7957025766372681,3
23,0,9,11,6,0.3289363980293274,0.8222180604934692,5
23,0,7,9,6,0.31807467341423035,0.807087779045105,4
24,0,4,7,3,0.38880062103271484,0.856081485748291,4
24,1,3,2,0,0.4067980647087097,0.7750895619392395,2
24,1,3,2,0,0.4118606448173523,0.7869203686714172,2
24,0,4,7,3,0.36632442474365234,0.8108911514282227,4
24,1,3,2,0,0.3936048746109009,0.7731926441192627,2
24,1,3,2,0,0.39778846502304077,0.7832427024841309,2
25,0,1,1,0,0.3116089105606079,0.7085255980491638,0
25,0,1,6,1,0.27452850341796875,0.8618232011795044,4
25,0,2,6,2,0.5736847519874573,0.9342165589332581,5
25,0,1,4,1,0.5735722184181213,0.9357925057411194,3
25,0,2,3,2,0.3452611267566681,0.7718337178230286,1
25,0,0,2,0,0.17699119448661804,0.7139933705329895,2
25,0,2,3,1,0.3137499690055847,0.8800530433654785,3
25,0,1,3,1,0.3097379207611084,0.8781106472015381,3
26,1,8,6,4,0.13582444190979004,0.37097010016441345,4
26,0,1,2,1,0.17164810001850128,0.5606153607368469,3
26,0,2,4,1,0.3557279706001282,0.7603862881660461,4
26,0,2,4,1,0.365795761346817,0.7589462399482727,4
26,0,2,4,3,0.17122089862823486,0.5748636722564697,0
26,0,1,0,0,0.1476915329694748,0.6046646237373352,0
26,0,4,5,2,0.2615547180175781,0.8881291747093201,3
26,0,4,5,2,0.2673027217388153,0.8881291747093201,1
27,1,5,5,1,0.26218706369400024,0.8621534109115601,6
27,1,6,11,4,0.32079973816871643,0.8082139492034912,12
27,0,1,8,5,0.3335660696029663,0.7488135695457458,2
27,0,1,8,5,0.33887049555778503,0.7488136291503906,3
27,2,6,3,2,0.17939390242099762,0.5994564294815063,3
27,0,5,9,3,0.2551059424877167,0.6854382157325745,5
27,0,2,5,1,0.29176414012908936,0.7252804040908813,2
27,0,2,5,1,0.29852569103240967,0.7252851724624634,1
28,0,3,4,1,0.3593970835208893,0.8541304469108582,3
28,0,3,7,3,0.22472389042377472,0.6634840965270996,4
28,0,0,5,4,0.3260132670402527,0.7269569635391235,1
28,0,0,4,3,0.3408381938934326,0.7515507936477661,1
28,0,0,1,1,0.28184306621551514,0.7127402424812317,0
28,0,1,3,2,0.21184395253658295,0.7471672892570496,1
28,0,3,5,2,0.28779035806655884,0.76980060338974,0
28,0,3,5,2,0.2999900281429291,0.7744039297103882,0
29,0,0,0,0,0.2658647298812866,0.5241827368736267,0
29,0,3,1,0,0.26231759786605835,0.7481681108474731,0
29,1,3,3,1,0.31107038259506226,0.7662918567657471,4
29,1,3,3,1,0.316961407661438,0.7598534822463989,5
29,0,0,0,0,0.3500380516052246,0.6358526945114136,0
29,0,1,2,1,0.3337804675102234,0.8808494210243225,1
29,0,3,0,0,0.30829936265945435,0.8316212892532349,0
29,0,3,0,0,0.3166015148162842,0.8278575539588928,0
30,4,9,10,6,0.16265368461608887,0.48660513758659363,6
30,3,9,19,13,0.296769380569458,0.7603234052658081,7
30,0,1,6,4,0.3303185701370239,0.8373860120773315,3
30,0,1,6,4,0.32419708371162415,0.8232940435409546,2
30,0,0,0,0,0.3075995147228241,0.6115195155143738,1
30,0,0,0,0,0.24030457437038422,0.6350186467170715,2
30,0,1,2,1,0.3701919913291931,0.7953281998634338,2
30,0,2,2,1,0.36820846796035767,0.8104679584503174,1
31,0,0,0,0,0.4377729892730713,0.8757050037384033,1
31,1,5,4,3,0.3966589868068695,0.9274381995201111,3
31,0,5,6,0,0.295886367559433,0.7798664569854736,7
31,0,5,5,0,0.2942363917827606,0.775449275970459,7
31,0,0,0,0,0.4194428324699402,0.8673279285430908,1
31,0,1,1,1,0.3276311457157135,0.8841162919998169,0
31,0,0,0,0,0.22588053345680237,0.6066160798072815,0
31,0,0,0,0,0.23172280192375183,0.6299881339073181,0
32,0,0,0,0,0.37587863206863403,0.6746614575386047,1
32,3,9,7,2,0.389462947845459,0.8416022658348083,9
32,0,4,9,1,0.31288623809814453,0.7427865266799927,5
32,0,4,8,1,0.298392653465271,0.7306225895881653,7
32,0,0,2,2,0.4416831135749817,0.7834862470626831,1
32,3,7,7,4,0.38091132044792175,0.9257077574729919,6
32,0,1,7,0,0.26578009128570557,0.646243691444397,4
32,0,5,7,0,0.26903772354125977,0.6517739295959473,3
33,1,1,2,1,0.4270344376564026,0.85350501537323,2
33,0,2,10,5,0.3194393813610077,0.8425984978675842,5
33,0,1,7,2,0.2637414336204529,0.7502508759498596,4
33,0,1,7,2,0.25123873353004456,0.7008886337280273,3
33,0,0,0,0,0.4025193154811859,0.8075907230377197,1
33,0,4,4,1,0.3407481014728546,0.8454537391662598,4
33,0,2,11,2,0.344851553440094,0.8722975850105286,5
33,0,4,11,2,0.3338105380535126,0.8500592112541199,4
34,0,0,2,2,0.4290449619293213,0.881462037563324,0
34,4,26,19,13,0.4723481833934784,0.8508797883987427,14
34,2,10,8,5,0.4917307496070862,0.8157188892364502,7
34,1,9,8,5,0.48728668689727783,0.8119896054267883,4
34,0,2,5,3,0.3986454904079437,0.8921139240264893,3
34,0,4,8,5,0.3504166901111603,0.8031780123710632,9
34,2,8,25,20,0.5252906084060669,0.9184905886650085,5
34,2,8,25,20,0.5426857471466064,0.9236350059509277,8
35,0,8,13,8,0.42776334285736084,0.8050788044929504,3
35,5,20,26,18,0.4001292884349823,0.8223123550415039,9
35,0,1,6,6,0.2854551672935486,0.501250147819519,1
35,0,1,5,5,0.28566035628318787,0.487932026386261,0
35,0,0,4,3,0.45214441418647766,0.8119171261787415,1
35,1,14,26,16,0.42107531428337097,0.9277610778808594,7
35,2,5,9,8,0.3572312593460083,0.69987952709198,2
35,0,2,8,7,0.3583631217479706,0.6935423016548157,0
36,13,61,54,42,0.24861986935138702,0.8064194321632385,26
36,8,29,43,37,0.23182646930217743,0.7743405699729919,14
36,7,27,42,36,0.22164902091026306,0.7758623361587524,13
36,14,63,55,42,0.24566243588924408,0.8064194321632385,28
36,7,30,43,37,0.2293880432844162,0.7743405103683472,14
36,5,28,42,36,0.21949005126953125,0.7758623361587524,11
37,7,53,37,30,0.2258341908454895,0.6011972427368164,14
37,1,28,31,18,0.13138042390346527,0.3806099593639374,16
37,2,25,31,18,0.13481274247169495,0.4354884624481201,16
37,8,39,37,30,0.20962251722812653,0.5842276215553284,15
37,1,18,29,16,0.11449337005615234,0.31657639145851135,14
37,2,17,29,16,0.11545348912477493,0.3481740355491638,16
38,1,7,10,2,0.19844917953014374,0.6742929816246033,11
38,1,5,4,0,0.21944785118103027,0.8160853385925293,6
38,4,9,8,2,0.3137233257293701,0.9304929375648499,12
38,4,9,7,2,0.30600982904434204,0.9368090629577637,9
38,0,3,4,1,0.20204202830791473,0.5729366540908813,4
38,1,5,5,1,0.2594875693321228,0.6993338465690613,5
38,0,4,5,0,0.2601507306098938,0.665557324886322,7
38,0,4,4,0,0.24556586146354675,0.6567991375923157,5
39,9,10,13,11,0.15964023768901825,0.6800242066383362,11
39,6,15,16,8,0.24520617723464966,0.8268981575965881,16
39,0,4,4,0,0.1923523247241974,0.694870114326477,5
39,0,4,5,1,0.19466716051101685,0.6955034136772156,7
39,0,0,0,0,0.0844704806804657,0.33429306745529175,0
39,0,5,7,1,0.2267354130744934,0.7836191654205322,7
39,0,3,4,0,0.17154066264629364,0.62420254945755,4
39,0,3,8,3,0.17261245846748352,0.6379438638687134,5
40,9,20,13,7,0.28328344225883484,0.885058581829071,17
40,5,17,12,6,0.23168323934078217,0.857246994972229,13
40,1,5,6,2,0.234111487865448,0.7994918823242188,8
40,1,5,5,1,0.22746185958385468,0.7813760042190552,8
40,0,3,4,0,0.1636786311864853,0.717280387878418,4
40,0,2,4,2,0.11404376477003098,0.5318772196769714,4
40,0,5,5,0,0.1789351999759674,0.7520352602005005,6
40,0,5,5,0,0.1791723668575287,0.7520352602005005,6
41,1,8,10,4,0.13842903077602386,0.565487802028656,7
41,2,11,12,8,0.2248123288154602,0.9236141443252563,7
41,0,6,10,3,0.23606440424919128,0.8129456043243408,7
41,0,6,10,3,0.23924268782138824,0.8128049373626709,8
41,0,0,0,0,0.05510157346725464,0.0770995020866394,0
41,0,0,0,0,0.05551910772919655,0.08159827440977097,0
41,0,1,1,0,0.07717062532901764,0.26391151547431946,2
41,0,1,1,0,0.07710347324609756,0.2639426290988922,3
42,2,11,12,6,0.30281704664230347,0.6887103319168091,8
42,2,7,8,2,0.1814655214548111,0.6672435998916626,8
42,6,11,9,5,0.2173122763633728,0.8441069722175598,15
42,6,13,15,9,0.2240004688501358,0.8691956400871277,13
42,0,2,3,1,0.3184727132320404,0.6868455410003662,2
42,0,0,0,0,0.09583966434001923,0.2856369614601135,0
42,0,4,4,0,0.16313031315803528,0.6331912279129028,5
42,0,6,9,3,0.17368026077747345,0.6903555989265442,5
43,3,10,14,7,0.2758709192276001,0.5156106352806091,10
43,3,13,14,4,0.43502795696258545,0.8568643927574158,16
43,3,15,13,3,0.4326997995376587,0.9453389048576355,13
43,4,17,12,4,0.42248791456222534,0.9392052292823792,14
43,0,1,1,0,0.25293564796447754,0.6006137132644653,1
43,0,3,3,0,0.28840136528015137,0.7884214520454407,3
43,0,0,3,0,0.32120534777641296,0.940731942653656,2
43,0,2,4,1,0.32535359263420105,0.9374433159828186,3
44,6,13,17,9,0.4304775297641754,0.8424120545387268,17
44,14,28,19,16,0.5203258991241455,0.8239827156066895,19
44,5,23,14,6,0.48009854555130005,0.8037996292114258,15
44,5,24,15,7,0.48111492395401,0.827257513999939,14
44,0,0,4,0,0.31936752796173096,0.595597505569458,6
44,0,4,5,1,0.43548426032066345,0.7281613349914551,6
44,1,7,13,4,0.4575330317020416,0.9300756454467773,9
44,1,6,13,4,0.45619919896125793,0.938083291053772,9
45,11,30,15,6,0.3189641833305359,0.7665113210678101,21
45,11,15,16,11,0.22445785999298096,0.46189233660697937,17
45,9,19,22,14,0.24666492640972137,0.5538014769554138,22
45,9,19,22,14,0.24805256724357605,0.5398781895637512,22
45,3,11,12,4,0.15782201290130615,0.5118080973625183,15
45,8,15,17,11,0.2431715875864029,0.8519182205200195,20
45,10,26,24,14,0.22216099500656128,0.5668846368789673,25
45,9,26,24,14,0.20900604128837585,0.508010983467102,25
46,0,3,2,1,0.18580323457717896,0.5467850565910339,3
46,1,3,10,5,0.3185066282749176,0.8074988126754761,7
46,1,4,9,6,0.4385109841823578,0.9234642386436462,4
46,1,4,9,6,0.4439878761768341,0.9234642386436462,5
46,0,0,0,0,0.15844343602657318,0.3359845280647278,0
46,0,1,5,4,0.1984604448080063,0.6838603615760803,3
46,0,0,3,3,0.26483163237571716,0.7829257249832153,0
46,0,0,3,3,0.26662328839302063,0.7829757332801819,0
47,5,54,27,22,0.4902673363685608,0.9012549519538879,11
47,7,30,37,26,0.45317575335502625,0.9166367053985596,17
47,10,29,39,29,0.449582576751709,0.9179784655570984,18
47,6,55,29,23,0.5129263401031494,0.9075263142585754,13
47,7,30,38,26,0.4637363851070404,0.9166367053985596,17
47,9,29,39,29,0.45823973417282104,0.9179784655570984,19
48,7,28,39,20,0.4991971254348755,0.8798129558563232,25
48,0,11,14,4,0.40244072675704956,0.8419543504714966,10
48,0,9,11,3,0.3953407406806946,0.8167006373405457,9
48,3,30,39,20,0.4997062683105469,0.8945494294166565,22
48,0,11,16,4,0.39125627279281616,0.8459909558296204,12
48,0,9,13,3,0.38297489285469055,0.816702127456665,12
49,6,47,56,34,0.48120132088661194,0.9343127608299255,27
49,0,20,18,5,0.3923813998699188,0.8380240201950073,10
49,0,16,12,2,0.3844947814941406,0.8143958449363708,8
49,6,49,56,34,0.45750144124031067,0.9302571415901184,26
49,0,20,18,5,0.38064488768577576,0.8380240797996521,12
49,1,16,12,2,0.3724116086959839,0.8143959045410156,11
50,12,94,43,29,0.3842697739601135,0.8505198955535889,31
50,10,59,39,29,0.40696725249290466,0.8533958196640015,20
50,8,55,38,28,0.4078931510448456,0.8439529538154602,17
50,12,88,43,29,0.3548930287361145,0.8382201790809631,29
50,10,59,39,29,0.3879050612449646,0.8337612152099609,20
50,9,55,38,28,0.3886364996433258,0.8226372003555298,18
51,6,49,26,12,0.3857448399066925,0.8329118490219116,17
51,12,63,59,42,0.5472257733345032,0.8971589803695679,28
51,12,63,56,41,0.5462099313735962,0.899196982383728,27
51,5,49,26,12,0.38063839077949524,0.8555726408958435,18
51,10,63,59,42,0.5345701575279236,0.8959726095199585,23
51,11,63,56,41,0.5317055583000183,0.8940105438232422,26
52,15,129,48,36,0.4369884729385376,0.8950408697128296,26
52,9,55,42,28,0.4648166596889496,0.8748072981834412,20
52,9,46,38,25,0.46557939052581787,0.8626288771629333,19
52,16,123,48,36,0.4128054976463318,0.8934233784675598,28
52,7,55,42,28,0.44119927287101746,0.8560576438903809,19
52,6,46,38,25,0.44193369150161743,0.8354542851448059,18
53,0,0,1,1,0.3497443199157715,0.884859025478363,1
53,0,1,2,1,0.34992358088493347,0.8344799280166626,1
53,0,0,0,0,0.41083723306655884,0.7948901057243347,0
53,0,0,0,0,0.4103894829750061,0.7946656346321106,0
53,0,0,0,0,0.23033453524112701,0.7865124940872192,0
53,0,0,0,0,0.26629728078842163,0.7046909928321838,1
53,0,0,0,0,0.2817137837409973,0.6857799291610718,0
53,0,0,0,0,0.2805976867675781,0.6913025379180908,0
54,0,1,2,0,0.38124608993530273,0.9143909811973572,2
54,0,1,1,0,0.21906380355358124,0.7847267389297485,2
54,0,0,0,0,0.2902770936489105,0.6980780959129333,0
54,0,0,0,0,0.30490800738334656,0.6984478831291199,0
54,0,0,0,0,0.1871122270822525,0.6385089755058289,1
54,0,0,0,0,0.12183178961277008,0.19634662568569183,0
54,0,0,0,0,0.14887729287147522,0.28284144401550293,0
54,0,0,0,0,0.15625441074371338,0.31768888235092163,0
55,0,0,2,1,0.34067219495773315,0.6829297542572021,2
55,0,1,3,1,0.42244476079940796,0.8284355401992798,4
55,0,0,1,0,0.2921753525733948,0.6309975385665894,1
55,0,0,1,0,0.2832954525947571,0.604241132736206,1
55,0,0,1,0,0.33509761095046997,0.8707689642906189,1
55,0,1,2,0,0.348999947309494,0.7724077105522156,2
55,0,0,1,0,0.2415313720703125,0.6415685415267944,1
55,0,0,1,0,0.22747617959976196,0.602401614189148,1
56,0,0,1,1,0.4020746350288391,0.7515161037445068,0
56,1,3,13,10,0.33518242835998535,0.8815332651138306,4
56,0,1,19,17,0.3665285110473633,0.8521538972854614,2
56,0,1,18,16,0.3625185787677765,0.8385351896286011,2
56,0,0,0,0,0.35189223289489746,0.6685971617698669,0
56,0,0,0,0,0.2048364281654358,0.4456203877925873,1
56,0,1,1,0,0.23573240637779236,0.5981999635696411,1
56,0,1,1,0,0.23850975930690765,0.5981999635696411,1
57,0,1,4,2,0.399094820022583,0.8590955138206482,4
57,1,1,4,0,0.47089630365371704,0.9437044262886047,6
57,0,0,2,0,0.4163205325603485,0.7547699809074402,2
57,0,0,2,1,0.40926307439804077,0.7460474967956543,2
57,0,1,4,2,0.27275192737579346,0.8586892485618591,3
57,0,1,3,0,0.3347548842430115,0.875356912612915,3
57,0,0,2,0,0.30257749557495117,0.6521651744842529,1
57,0,0,2,1,0.30493393540382385,0.6397241353988647,1
58,1,1,6,3,0.41559651494026184,0.8809906840324402,1
58,0,0,1,0,0.22676651179790497,0.8618847131729126,3
58,0,0,1,0,0.196775421500206,0.8331009745597839,2
58,0,0,1,0,0.18934491276741028,0.8206549882888794,2
58,0,0,3,1,0.4240016043186188,0.8388935923576355,1
58,0,1,1,0,0.22708967328071594,0.787619411945343,1
58,0,0,0,0,0.03682597726583481,0.07953345030546188,0
58,0,0,0,0,0.036170948296785355,0.07973801344633102,0
59,0,1,2,0,0.2574371099472046,0.8361697793006897,2
59,0,0,2,2,0.08595289289951324,0.4850079119205475,0
59,0,0,5,4,0.33646318316459656,0.8951482176780701,1
59,0,1,5,4,0.34334102272987366,0.8912326693534851,2
59,0,1,2,0,0.20635689795017242,0.8065853118896484,2
59,0,0,0,0,0.03214011713862419,0.04233304783701897,0
59,0,0,0,0,0.11703509092330933,0.6224158406257629,1
59,0,0,0,0,0.12402352690696716,0.6309062242507935,1
60,0,0,2,1,0.45498785376548767,0.9208838939666748,0
60,0,4,6,3,0.19743189215660095,0.5424564480781555,5
60,0,0,0,0,0.14363199472427368,0.41227808594703674,0
60,0,0,0,0,0.16081251204013824,0.42461076378822327,0
60,0,0,1,0,0.41659194231033325,0.8204777836799622,0
60,0,4,6,3,0.1537862867116928,0.49961981177330017,5
60,0,0,0,0,0.08710639178752899,0.3809172511100769,0
60,0,0,0,0,0.10495143383741379,0.42224717140197754,0
61,0,0,0,0,0.36168670654296875,0.8616577982902527,0
61,0,0,1,0,0.33103910088539124,0.7211326956748962,0
61,0,1,1,0,0.2811412215232849,0.7159276008605957,0
61,0,0,1,0,0.28490501642227173,0.6809565424919128,0
61,0,0,0,0,0.39131200313568115,0.9026239514350891,0
61,0,1,2,0,0.31589019298553467,0.7265782356262207,1
61,0,1,1,0,0.23403719067573547,0.7199196815490723,0
61,0,0,1,0,0.23529596626758575,0.6814717054367065,0
62,0,1,1,0,0.3459410071372986,0.7445213198661804,1
62,0,0,0,0,0.538036048412323,0.9107911586761475,0
62,0,0,0,0,0.5169774889945984,0.8563904762268066,0
62,0,0,0,0,0.5127646923065186,0.8417918086051941,0
62,0,0,0,0,0.19276809692382812,0.5722811222076416,0
62,0,0,0,0,0.3504810333251953,0.6732239723205566,0
62,0,0,0,0,0.47240307927131653,0.7441080808639526,0
62,0,0,0,0,0.4834413528442383,0.7579581141471863,0
63,1,36,15,10,0.3374500870704651,0.8300390243530273,10
63,2,26,12,8,0.33458542823791504,0.8324823379516602,8
63,0,18,4,2,0.31573420763015747,0.781383752822876,9
63,0,37,15,10,0.3405868113040924,0.8544699549674988,9
63,2,27,13,8,0.34845152497291565,0.8553626537322998,10
63,1,19,5,2,0.32785719633102417,0.7947084307670593,11
64,4,49,42,33,0.41127854585647583,0.7515015006065369,14
64,2,19,18,13,0.3509836792945862,0.8238368630409241,11
64,2,15,8,6,0.34085845947265625,0.8294050097465515,9
64,6,53,45,35,0.40461504459381104,0.7593740224838257,15
64,2,21,18,13,0.34373560547828674,0.8085408806800842,11
64,3,17,8,6,0.33205646276474,0.8074091076850891,9
65,8,31,31,23,0.37628039717674255,0.8472523093223572,21
65,4,19,9,6,0.34136962890625,0.8160820603370667,9
65,3,11,8,6,0.3125230073928833,0.7153725028038025,7
65,7,34,32,24,0.38229766488075256,0.8583376407623291,22
65,4,19,10,7,0.3388940095901489,0.8083193898200989,12
65,2,11,9,7,0.30643144249916077,0.6930903196334839,7
66,5,37,38,26,0.33999449014663696,0.8034788966178894,18
66,3,17,27,21,0.3490881323814392,0.7218822836875916,13
66,3,13,23,19,0.3508670926094055,0.7228318452835083,13
66,7,41,43,29,0.3403768539428711,0.8037281036376953,22
66,3,21,29,22,0.34847724437713623,0.7218936681747437,13
66,3,17,25,20,0.3485843539237976,0.7225443124771118,13
67,4,18,30,21,0.4224069118499756,0.8696161508560181,13
67,3,13,17,13,0.41059452295303345,0.8296887874603271,12
67,1,7,13,10,0.3962254226207733,0.8135784268379211,5
67,4,20,32,23,0.43741244077682495,0.8711026906967163,15
67,2,15,20,14,0.4177906811237335,0.8304166793823242,12
67,1,9,16,11,0.3993716239929199,0.8136632442474365,6
68,1,31,37,29,0.35039693117141724,0.8075423836708069,12
68,2,31,35,30,0.36572009325027466,0.6964425444602966,13
68,2,22,29,24,0.3646058440208435,0.6961853504180908,9
68,1,33,37,29,0.35925790667533875,0.8147416710853577,12
68,3,31,35,30,0.3633255362510681,0.6980037689208984,13
68,3,22,29,24,0.36028897762298584,0.6958984136581421,14
69,3,21,24,17,0.41676729917526245,0.7840525507926941,12
69,3,34,23,17,0.3725918233394623,0.8305156826972961,15
69,2,31,22,17,0.37685832381248474,0.8304793834686279,13
69,2,22,24,17,0.3966406285762787,0.7673184871673584,9
69,4,34,23,17,0.34790053963661194,0.8129122853279114,13
69,3,31,22,17,0.35265159606933594,0.8146239519119263,12
70,5,102,36,32,0.2773381471633911,0.7314806580543518,11
70,7,21,21,17,0.2462364286184311,0.7300938367843628,15
70,1,6,11,6,0.28685468435287476,0.8366162180900574,6
70,1,6,10,5,0.29807770252227783,0.8536908030509949,5
70,1,4,3,0,0.1252071112394333,0.635857105255127,5
70,0,4,3,0,0.18269653618335724,0.7339595556259155,3
70,0,1,3,0,0.19862273335456848,0.7970315217971802,3
70,0,2,2,0,0.20474833250045776,0.8208972215652466,3
71,1,11,14,5,0.4327123165130615,0.918940544128418,9
71,5,26,17,10,0.4388372302055359,0.9063308238983154,18
71,4,19,24,21,0.2612916827201843,0.6477720737457275,8
71,3,16,23,20,0.24811914563179016,0.6157142519950867,8
71,1,10,18,10,0.2526838183403015,0.8472316265106201,12
71,6,20,20,13,0.288374125957489,0.8515351414680481,17
71,5,19,23,20,0.14652203023433685,0.6291654706001282,7
71,4,16,22,19,0.13801899552345276,0.5878917574882507,7
72,5,18,11,4,0.26475465297698975,0.7807364463806152,13
72,0,6,10,7,0.25286033749580383,0.698053777217865,4
72,7,17,22,12,0.4350026249885559,0.9272452592849731,16
72,7,17,22,12,0.44237232208251953,0.938542902469635,15
72,0,1,6,5,0.11811976134777069,0.5363307595252991,2
72,0,2,2,0,0.15596012771129608,0.6595772504806519,4
72,2,6,13,6,0.3018980324268341,0.9240571856498718,8
72,2,6,13,6,0.30723291635513306,0.924057126045227,8
73,5,11,29,23,0.3317105174064636,0.8749931454658508,16
73,7,27,13,7,0.45023107528686523,0.9303212761878967,15
73,4,50,26,17,0.32916259765625,0.6890143156051636,13
73,5,45,25,16,0.312787264585495,0.6668762564659119,13
73,3,15,30,22,0.2148742526769638,0.6460250020027161,14
73,4,7,7,4,0.22884440422058105,0.7573433518409729,9
73,7,26,33,25,0.166322723031044,0.5716385245323181,16
73,7,26,33,25,0.1576743721961975,0.5614801645278931,15
74,0,6,29,22,0.21084335446357727,0.6206111907958984,11
74,2,6,19,14,0.4251605272293091,0.9074692130088806,18
74,4,6,26,20,0.37243032455444336,0.9023609161376953,19
74,3,5,29,24,0.3649737238883972,0.8959535956382751,18
74,0,5,27,20,0.20335127413272858,0.6422631144523621,11
74,3,10,13,9,0.23533351719379425,0.6888055801391602,9
74,0,1,23,18,0.21957433223724365,0.7220991253852844,11
74,0,1,27,23,0.22113646566867828,0.7147731781005859,12
75,0,0,0,0,0.30645251274108887,0.631994366645813,0
75,0,43,0,0,0.43464595079421997,0.8453946709632874,0
75,0,27,0,0,0.3433155417442322,0.7350634336471558,0
75,0,0,0,0,0.33744657039642334,0.7113882303237915,0
75,0,0,0,0,0.33759328722953796,0.7236036062240601,0
75,0,0,0,0,0.35671213269233704,0.7659909725189209,0
75,0,34,0,0,0.4425889551639557,0.9243643879890442,0
75,0,48,3,3,0.4733883738517761,0.8942788243293762,0
75,4,18,2,2,0.4305379092693329,0.8372815251350403,4
75,3,23,3,3,0.44940200448036194,0.8472695350646973,3
75,0,0,0,0,0.34464526176452637,0.7621936798095703,0
75,0,26,0,0,0.42226189374923706,0.9296863079071045,0
75,0,36,3,3,0.4775471091270447,0.8964077830314636,1
75,3,18,3,3,0.4570619463920593,0.8596382141113281,3
75,1,19,5,5,0.44845718145370483,0.8613744974136353,1
76,4,21,25,18,0.4158395528793335,0.8908501863479614,11
76,4,24,22,13,0.30132678151130676,0.7607521414756775,13
76,5,21,22,13,0.2888225317001343,0.7321360111236572,13
76,3,21,25,18,0.4179089069366455,0.8908297419548035,10
76,5,24,22,13,0.3058667778968811,0.760752260684967,16
76,3,21,22,13,0.29354891180992126,0.7321360111236572,13
77,5,20,34,21,0.37640830874443054,0.8785696029663086,18
77,4,17,32,23,0.3621090352535248,0.8171398043632507,19
77,5,17,31,23,0.3721923828125,0.82595294713974,18
77,5,20,34,21,0.36638888716697693,0.859708845615387,18
77,4,17,32,23,0.37764784693717957,0.8287227153778076,16
77,4,18,31,23,0.38966089487075806,0.8370201587677002,15
78,1,24,29,19,0.4257921576499939,0.8866934180259705,15
78,2,15,8,4,0.3317195475101471,0.7511465549468994,8
78,1,10,7,3,0.34433382749557495,0.7777177095413208,6
78,2,24,29,19,0.435031920671463,0.8866934776306152,17
78,2,15,8,4,0.34241339564323425,0.7511465549468994,8
78,1,10,7,3,0.3553526997566223,0.7777177095413208,6
79,1,27,21,17,0.4601820111274719,0.8869445323944092,11
79,1,25,13,7,0.3904341757297516,0.8475757837295532,8
79,1,23,13,7,0.4013439118862152,0.8654569983482361,8
79,2,27,21,17,0.4563893675804138,0.8837560415267944,11
79,1,25,13,7,0.40388885140419006,0.8475757837295532,9
79,1,23,13,7,0.4150851368904114,0.8654570579528809,7
80,4,26,20,16,0.4265410304069519,0.8341376185417175,9
80,4,29,26,17,0.405326783657074,0.855395495891571,14
80,3,25,26,16,0.4289703071117401,0.8571492433547974,13
80,3,27,21,17,0.4376090168952942,0.8360280990600586,6
80,4,29,26,17,0.4225510358810425,0.855395495891571,13
80,5,26,26,16,0.44702547788619995,0.8571493625640869,13
81,0,11,8,3,0.41128653287887573,0.840100884437561,4
81,2,23,18,11,0.294574499130249,0.6293264627456665,11
81,1,19,17,11,0.3024117052555084,0.6407732367515564,8
81,0,11,8,3,0.4182216227054596,0.840100884437561,4
81,1,23,18,11,0.3021581768989563,0.6293640732765198,10
81,1,19,17,11,0.3106005787849426,0.6407836079597473,9
82,3,23,29,17,0.41459572315216064,0.9120519161224365,15
82,0,18,27,23,0.40340572595596313,0.7607392072677612,5
82,1,14,25,21,0.4158216118812561,0.7632631063461304,5
82,4,23,30,18,0.4132993519306183,0.9088816046714783,16
82,1,18,28,24,0.4040094017982483,0.7567746639251709,8
82,1,14,26,22,0.4131518304347992,0.7580274343490601,6
83,3,12,12,6,0.4088175594806671,0.783605694770813,7
83,5,29,30,18,0.418059378862381,0.8775438666343689,14
83,4,27,29,18,0.4399835467338562,0.891965389251709,15
83,1,12,12,6,0.42102593183517456,0.7836106419563293,8
83,4,29,30,18,0.42298683524131775,0.8782026767730713,13
83,3,28,34,22,0.4476943016052246,0.8950566649436951,14
84,4,31,17,12,0.3206559419631958,0.8133639097213745,13
84,3,26,18,12,0.4054996371269226,0.8116446733474731,10
84,0,20,17,11,0.4271653890609741,0.822846531867981,6
84,4,33,18,12,0.33253300189971924,0.8133639097213745,12
84,5,27,18,12,0.41023221611976624,0.8256492614746094,10
84,4,21,18,11,0.43013694882392883,0.8360370397567749,13
85,2,27,31,23,0.3024415969848633,0.7489885687828064,13
85,6,30,23,15,0.42029258608818054,0.8868255019187927,16
85,7,27,21,14,0.444956511259079,0.9049933552742004,17
85,3,27,32,23,0.31131377816200256,0.7489886283874512,13
85,8,30,23,15,0.422699898481369,0.8868255019187927,16
85,9,27,21,14,0.44840043783187866,0.9049933552742004,16
86,7,44,36,24,0.3499301075935364,0.8065292835235596,18
86,10,32,34,29,0.3928150534629822,0.8964067697525024,19
86,4,25,34,30,0.3972904086112976,0.8973205089569092,13
86,9,45,38,26,0.36512628197669983,0.8071673512458801,21
86,10,33,35,29,0.3964124023914337,0.8964067697525024,16
86,5,26,35,30,0.40035420656204224,0.8973205089569092,12
87,9,43,59,42,0.38067156076431274,0.8824153542518616,30
87,6,16,27,19,0.308658242225647,0.6242650747299194,16
87,6,14,24,19,0.31280583143234253,0.6235800385475159,14
87,9,48,64,45,0.39515405893325806,0.8850863575935364,30
87,4,16,27,19,0.32006585597991943,0.6245207190513611,12
87,5,14,24,19,0.32454925775527954,0.6238818168640137,11
88,8,38,36,27,0.3354264497756958,0.6662558913230896,18
88,5,37,52,31,0.47530999779701233,0.8809295892715454,30
88,3,24,53,34,0.4944864511489868,0.8978866338729858,26
88,6,38,36,27,0.30984652042388916,0.6196080446243286,17
88,5,44,56,33,0.4583190381526947,0.8586136102676392,29
88,4,31,57,36,0.4790588319301605,0.8786526322364807,25
89,9,67,44,27,0.46779170632362366,0.9038766622543335,29
89,8,41,33,21,0.4562380015850067,0.8525329828262329,21
89,7,27,27,16,0.45878875255584717,0.873110830783844,17
89,7,67,45,27,0.43360817432403564,0.8608665466308594,31
89,9,41,33,21,0.4369470179080963,0.8504361510276794,21
89,7,27,27,16,0.43937569856643677,0.8657803535461426,17
90,11,52,47,34,0.4100770354270935,0.8472796082496643,24
90,5,30,39,27,0.47606199979782104,0.8424794673919678,21
90,4,20,28,18,0.469113826751709,0.8404877185821533,15
90,10,53,47,34,0.38389235734939575,0.8017938733100891,24
90,5,33,44,30,0.4697965085506439,0.8434948325157166,25
90,4,23,33,21,0.4623604118824005,0.8416587114334106,21
91,5,41,43,31,0.37439048290252686,0.7124184370040894,15
91,1,26,30,14,0.4387163519859314,0.9151747226715088,12
91,2,22,27,14,0.450447678565979,0.9299539923667908,10
91,5,41,44,32,0.3578526973724365,0.7045669555664062,16
91,2,27,36,20,0.4341256320476532,0.9151747226715088,13
91,1,23,33,20,0.4442307949066162,0.9299540519714355,9
92,7,27,34,26,0.4121001958847046,0.8925219178199768,17
92,4,20,42,29,0.4072583317756653,0.820662796497345,17
92,3,19,39,29,0.4182794988155365,0.8268072605133057,12
92,7,27,34,26,0.3917617201805115,0.8716147541999817,15
92,3,20,42,29,0.40797728300094604,0.8206627368927002,18
92,3,19,39,29,0.41834577918052673,0.8268072605133057,15
93,3,26,28,22,0.3668639659881592,0.7923658490180969,11
93,2,19,21,12,0.3743550181388855,0.8398438692092896,12
93,2,15,21,12,0.38644611835479736,0.8749166131019592,13
93,3,26,29,23,0.3462379574775696,0.7743974924087524,13
93,4,20,22,12,0.3714883029460907,0.8398438692092896,14
93,2,16,22,12,0.3825913071632385,0.874916672706604,13
94,1,16,24,12,0.3518266975879669,0.8364338874816895,15
94,1,10,17,8,0.3067619502544403,0.780495822429657,11
94,1,7,17,8,0.30295199155807495,0.7236822843551636,9
94,2,17,24,12,0.350151926279068,0.8320235013961792,14
94,2,10,17,8,0.29357314109802246,0.7755061388015747,11
94,1,7,17,8,0.2886520028114319,0.7166361808776855,9
95,5,15,34,28,0.27306345105171204,0.7071642875671387,13
95,5,18,23,16,0.31454935669898987,0.759640097618103,11
95,5,18,22,15,0.31569379568099976,0.7594984769821167,13
95,5,16,34,28,0.28193002939224243,0.7151602506637573,13
95,4,19,25,18,0.3011617958545685,0.680665910243988,11
95,4,19,24,17,0.301787793636322,0.6790544986724854,11
96,1,11,28,14,0.4307079315185547,0.8886411786079407,15
96,2,15,19,12,0.317222535610199,0.7600610852241516,11
96,3,15,16,9,0.31700900197029114,0.7707546353340149,12
96,0,11,28,14,0.41116365790367126,0.8505874872207642,12
96,1,15,19,12,0.3167799115180969,0.7572807669639587,11
96,3,15,16,9,0.31497329473495483,0.7682190537452698,11
97,3,31,32,22,0.40963226556777954,0.9008444547653198,13
97,2,23,26,16,0.5007017850875854,0.8876845240592957,9
97,1,15,21,14,0.4973410665988922,0.8626816272735596,5
97,2,32,32,22,0.4065623879432678,0.8981258869171143,12
97,1,23,26,16,0.5013954043388367,0.8876459002494812,11
97,1,15,21,14,0.4952029585838318,0.8623195290565491,7
98,4,28,18,8,0.2465730905532837,0.5738843679428101,12
98,3,30,35,25,0.3719784617424011,0.8691624999046326,11
98,5,27,33,24,0.38134461641311646,0.8703983426094055,13
98,3,29,18,8,0.2357674539089203,0.562070906162262,13
98,5,31,36,26,0.36891141533851624,0.8691624999046326,16
98,6,28,36,27,0.3793516457080841,0.8703983426094055,16
99,7,29,32,27,0.3747575581073761,0.828200101852417,13
99,6,18,23,20,0.403779000043869,0.8580191135406494,11
99,4,13,21,18,0.43490472435951233,0.8793104887008667,9
99,7,29,32,27,0.35519707202911377,0.7977997064590454,13
99,4,18,23,20,0.4039073586463928,0.8580191135406494,8
99,4,13,21,18,0.43681615591049194,0.8793487548828125,8
100,0,0,0,0,0.21948745846748352,0.6965424418449402,0
100,0,0,0,0,0.19019871950149536,0.7137525677680969,0
100,0,0,0,0,0.34650081396102905,0.8351874947547913,0
100,0,0,0,0,0.33913859724998474,0.9000306725502014,0
100,0,0,0,0,0.3687342405319214,0.9385424256324768,0
100,0,0,0,0,0.2081640213727951,0.29883673787117004,0
100,3,10,18,12,0.25679081678390503,0.645957350730896,10
100,4,10,14,11,0.4555933177471161,0.8245697021484375,7
100,0,0,0,0,0.33882829546928406,0.8139778971672058,0
100,0,0,0,0,0.33584702014923096,0.8451034426689148,0
100,0,0,5,5,0.2155938297510147,0.4756971597671509,1
100,2,13,23,14,0.288769006729126,0.8826683163642883,13
100,4,12,20,15,0.39564192295074463,0.7995086908340454,11
100,0,0,0,0,0.33690184354782104,0.6915745139122009,0
100,0,0,0,0,0.3547503352165222,0.7905445694923401,0
101,0,0,0,0,0.17426401376724243,0.3101464509963989,0
101,0,0,0,0,0.3205534517765045,0.8816225528717041,0
101,0,0,0,0,0.2687877416610718,0.8085669875144958,0
101,0,0,0,0,0.1702883541584015,0.29132187366485596,0
101,0,0,0,0,0.19927620887756348,0.4364023506641388,0
101,2,3,4,3,0.2721194326877594,0.7897530198097229,6
101,6,21,29,20,0.5024727582931519,0.9361189603805542,19
101,12,21,33,22,0.5011864900588989,0.953310489654541,22
101,0,3,2,1,0.3188581168651581,0.7488250136375427,3
101,0,1,0,0,0.23943164944648743,0.4633537530899048,1
101,2,3,4,3,0.2345171719789505,0.7709493041038513,8
101,3,9,27,17,0.503875732421875,0.9349820613861084,20
101,9,18,31,19,0.49119871854782104,0.9542444348335266,20
101,0,4,2,1,0.2763611674308777,0.7499272227287292,2
101,0,1,0,0,0.21683906018733978,0.4434005618095398,1
102,1,17,17,14,0.2933347821235657,0.7107961773872375,4
102,3,21,30,20,0.4045140743255615,0.9168185591697693,15
102,3,24,37,23,0.41635897755622864,0.9214603304862976,16
102,0,17,17,14,0.30262747406959534,0.7107642889022827,2
102,3,21,30,20,0.39018210768699646,0.909024178981781,14
102,3,24,37,23,0.398100346326828,0.9134931564331055,17
103,3,19,31,24,0.35607632994651794,0.7869229316711426,17
103,4,32,37,22,0.3529367744922638,0.8748891949653625,23
103,4,31,37,22,0.34318074584007263,0.8744776844978333,21
103,3,21,32,25,0.33796441555023193,0.7070286273956299,14
103,6,34,39,22,0.3313092589378357,0.8388718962669373,25
103,6,34,39,22,0.32177257537841797,0.8387828469276428,23
104,1,45,34,22,0.3255830407142639,0.7767468094825745,17
104,5,31,39,27,0.40075039863586426,0.9089646935462952,19
104,4,32,39,29,0.40627530217170715,0.9173792600631714,15
104,1,45,34,22,0.3072086274623871,0.7311692833900452,17
104,5,33,39,27,0.36247944831848145,0.8784955143928528,20
104,5,34,39,29,0.3685486316680908,0.8907544016838074,17
105,2,38,21,14,0.30901679396629333,0.7370754480361938,10
105,2,25,18,10,0.4241686761379242,0.9062350392341614,12
105,2,23,17,9,0.4270303249359131,0.9247666597366333,17
105,2,41,23,16,0.30313313007354736,0.7255106568336487,11
105,2,26,18,10,0.3861100971698761,0.8799605965614319,11
105,2,23,17,9,0.3874163329601288,0.8975016474723816,12
106,1,32,35,26,0.31164151430130005,0.6517245173454285,7
106,2,28,32,24,0.4751899242401123,0.8996262550354004,12
106,1,21,29,23,0.470666766166687,0.9092247486114502,9
106,2,32,35,26,0.29582536220550537,0.6325615048408508,6
106,3,29,33,25,0.4515242874622345,0.8752779960632324,11
106,2,22,30,24,0.4468553066253662,0.883473813533783,10
107,4,18,31,27,0.36156728863716125,0.684580385684967,9
107,3,32,60,51,0.48685431480407715,0.9030328392982483,12
107,1,31,59,50,0.5195351839065552,0.9163596034049988,9
107,4,20,33,27,0.350170761346817,0.6547437310218811,12
107,3,32,60,51,0.46178096532821655,0.8962269425392151,14
107,3,31,59,50,0.4956965446472168,0.9141866564750671,13
108,0,10,5,5,0.44015005230903625,0.735996663570404,0
108,2,22,32,30,0.5524760484695435,0.9144959449768066,6
108,2,21,31,29,0.574458658695221,0.9239856600761414,4
108,0,11,6,6,0.43071413040161133,0.7256357073783875,0
108,1,22,34,32,0.5484578013420105,0.9183443784713745,7
108,2,21,32,30,0.570660412311554,0.9271326661109924,10
109,1,17,13,11,0.4734397530555725,0.8417272567749023,3
109,1,26,31,27,0.5472889542579651,0.8948882222175598,3
109,1,24,30,26,0.5799466371536255,0.9266414046287537,2
109,1,17,13,11,0.4586735963821411,0.8220974802970886,3
109,1,26,34,30,0.5343568325042725,0.8936578035354614,5
109,1,24,33,29,0.5691049098968506,0.9264148473739624,4
110,6,21,32,30,0.5314840078353882,0.9216922521591187,9
110,2,16,19,17,0.4912830591201782,0.8436192274093628,4
110,1,11,18,16,0.516821026802063,0.8572342395782471,3
110,4,21,31,29,0.5134760737419128,0.9142125844955444,6
110,2,16,17,15,0.47667136788368225,0.8307796120643616,4
110,3,11,16,14,0.5038012862205505,0.8490290641784668,3
111,4,13,13,7,0.5165731906890869,0.9042222499847412,10
111,6,29,25,19,0.3829520344734192,0.7139902114868164,15
111,6,28,24,19,0.3800179362297058,0.7097575068473816,12
111,4,13,13,7,0.5018937587738037,0.8979159593582153,10
111,6,31,26,19,0.3685277998447418,0.6776065826416016,15
111,6,30,25,19,0.3667750060558319,0.6739410758018494,13
112,2,31,38,31,0.36676159501075745,0.7995006442070007,13
112,3,31,38,29,0.2730785608291626,0.6855922937393188,13
112,3,27,32,24,0.2677665948867798,0.6866405606269836,10
112,1,33,38,31,0.3574979305267334,0.7919421195983887,14
112,2,32,38,29,0.254170298576355,0.6254925727844238,13
112,2,28,32,24,0.24918681383132935,0.626585066318512,11
113,3,65,43,24,0.3983612060546875,0.8021106123924255,19
113,8,54,47,33,0.3569885790348053,0.838062584400177,20
113,8,44,38,26,0.3630942404270172,0.8393421173095703,17
113,5,65,43,24,0.3807072043418884,0.771878182888031,22
113,9,55,47,33,0.32946088910102844,0.7993166446685791,19
113,9,45,38,26,0.33471202850341797,0.8019281625747681,18
114,8,32,37,26,0.38692766427993774,0.7615525722503662,23
114,4,28,54,41,0.47399550676345825,0.9408467411994934,18
114,3,18,47,39,0.47298309206962585,0.941344678401947,12
114,6,36,39,26,0.3760942816734314,0.752372145652771,21
114,5,28,54,41,0.45137977600097656,0.9283998608589172,21
114,4,18,47,39,0.4470888376235962,0.9262082576751709,18
115,1,24,16,7,0.4692858159542084,0.9347110986709595,10
115,4,16,27,22,0.5379494428634644,0.9261084794998169,13
115,5,14,26,21,0.5501745939254761,0.9265848994255066,13
115,1,26,18,7,0.4517500698566437,0.9318029284477234,14
115,4,19,32,25,0.5242453217506409,0.9158179759979248,15
115,3,17,31,24,0.5361863374710083,0.9163051247596741,12
116,3,17,15,9,0.4747229516506195,0.8440577983856201,12
116,0,7,7,5,0.528138279914856,0.8534446358680725,3
116,0,6,6,4,0.5498591661453247,0.8689583539962769,3
116,3,18,15,9,0.458937406539917,0.8510155081748962,10
116,1,7,7,5,0.5289741158485413,0.855577826499939,3
116,0,6,6,4,0.5517370700836182,0.8706986308097839,4
117,0,10,14,9,0.48591387271881104,0.9137210249900818,6
117,0,10,16,13,0.45765915513038635,0.7700782418251038,6
117,0,8,13,10,0.4698391556739807,0.7719749212265015,5
117,0,12,14,9,0.46915239095687866,0.9137172102928162,7
117,0,10,16,13,0.4519411623477936,0.7716509103775024,6
117,0,8,13,10,0.46550828218460083,0.7734696865081787,6
118,0,0,0,0,0.3640635013580322,0.6459160447120667,0
118,1,3,3,2,0.34268543124198914,0.5747703313827515,7
118,3,11,8,4,0.42534321546554565,0.7997430562973022,7
118,0,0,0,0,0.5838057994842529,0.9450477361679077,0
118,0,0,0,0,0.6010782122612,0.9767065644264221,0
118,0,0,0,0,0.502508819103241,0.8934341669082642,0
118,5,9,10,8,0.4079096019268036,0.5760489702224731,12
118,13,33,28,20,0.42479246854782104,0.7832289934158325,20
118,0,1,3,2,0.43974506855010986,0.770138680934906,2
118,0,0,0,0,0.4081820845603943,0.7172208428382874,0
118,0,0,0,0,0.5250564813613892,0.955722987651825,1
118,4,5,7,6,0.39746037125587463,0.5503959655761719,5
118,6,17,20,17,0.3814990520477295,0.7135279774665833,10
118,0,1,3,2,0.386262446641922,0.6927919983863831,2
118,0,0,0,0,0.3583003282546997,0.5826640129089355,0
119,0,5,7,4,0.3913891017436981,0.7344685792922974,4
119,0,6,9,1,0.4454517364501953,0.821647584438324,10
119,0,5,10,1,0.44832438230514526,0.8358163237571716,8
119,0,5,7,4,0.37842097878456116,0.7225071787834167,4
119,0,7,10,1,0.44218194484710693,0.8333479762077332,11
119,0,7,11,1,0.44534987211227417,0.8468226194381714,11
120,2,9,6,3,0.4126133620738983,0.7590379118919373,8
120,11,73,39,31,0.3870115280151367,0.830176591873169,22
120,0,5,5,5,0.48865485191345215,0.8910373449325562,0
120,0,2,3,3,0.4950207471847534,0.8869533538818359,1
120,2,7,8,5,0.2905615568161011,0.7207176089286804,7
120,0,2,6,4,0.16981399059295654,0.5828786492347717,5
120,0,0,1,1,0.3638652563095093,0.8525272011756897,0
120,0,0,1,1,0.3831748962402344,0.8688033819198608,0
121,0,2,9,4,0.5809844732284546,0.8494873046875,7
121,9,57,44,31,0.4410984516143799,0.8450368046760559,30
121,6,19,17,8,0.5659642815589905,0.9064927101135254,20
121,6,17,16,7,0.5729644894599915,0.9112389087677002,18
121,0,5,14,7,0.46379971504211426,0.8686529397964478,8
121,1,6,13,7,0.2599145174026489,0.7623509168624878,16
121,3,14,15,4,0.5079731941223145,0.9069281816482544,17
121,3,15,16,5,0.5228790044784546,0.9128817319869995,16
122,2,9,12,5,0.4625203013420105,0.8354012370109558,11
122,24,70,46,27,0.37655115127563477,0.8144500255584717,45
122,4,21,16,7,0.45528799295425415,0.8670116066932678,22
122,4,14,13,6,0.4492136538028717,0.860214114189148,17
122,2,8,9,2,0.4023289978504181,0.8388077020645142,8
122,4,10,14,4,0.1837635636329651,0.6401548981666565,15
122,3,8,18,10,0.3693554997444153,0.8361597061157227,15
122,3,7,16,9,0.36888933181762695,0.8314759135246277,15
123,0,4,6,1,0.3987048268318176,0.6889244318008423,8
123,17,60,41,21,0.39369773864746094,0.7816915512084961,42
123,14,59,31,19,0.4218607246875763,0.8035334348678589,26
123,14,55,29,18,0.4079086184501648,0.7888620495796204,28
123,0,6,11,5,0.35870596766471863,0.795799195766449,12
123,6,16,24,10,0.25263485312461853,0.7855749726295471,26
123,10,36,33,18,0.38152679800987244,0.8613990545272827,24
123,9,35,33,19,0.3804806172847748,0.8510899543762207,22
124,2,8,13,5,0.43246546387672424,0.7903685569763184,11
124,19,66,39,20,0.4532596468925476,0.8291076421737671,40
124,6,27,10,5,0.37379059195518494,0.7399914264678955,13
124,9,24,8,5,0.3521996736526489,0.7235485911369324,12
124,1,4,7,1,0.3750044107437134,0.8657652735710144,6
124,0,7,21,9,0.2927587032318115,0.752652108669281,15
124,0,3,10,4,0.3934258222579956,0.7491495609283447,4
124,0,2,7,4,0.38016894459724426,0.7341026663780212,4
125,2,13,19,12,0.44912275671958923,0.8177090287208557,16
125,22,65,52,36,0.482399582862854,0.8724326491355896,42
125,9,40,29,24,0.427157461643219,0.8442120552062988,20
125,9,39,25,20,0.40360766649246216,0.8236693739891052,21
125,0,9,20,12,0.39196309447288513,0.8176122903823853,10
125,1,10,25,14,0.37136945128440857,0.9077197313308716,19
125,5,25,35,28,0.4303358197212219,0.9196863174438477,15
125,3,21,31,25,0.4035983979701996,0.9080795049667358,10
126,12,34,27,18,0.457999050617218,0.824531614780426,21
126,25,42,40,29,0.4054923951625824,0.8471692800521851,44
126,15,30,12,11,0.4091359078884125,0.7867301106452942,23
126,15,30,12,11,0.39848676323890686,0.7716062664985657,20
126,1,13,21,13,0.45035362243652344,0.8700316548347473,10
126,10,24,28,14,0.4315497875213623,0.917223334312439,33
126,9,27,16,13,0.4198378920555115,0.850338876247406,14
126,5,26,15,13,0.3949914872646332,0.8173568844795227,11
127,2,6,17,13,0.46590036153793335,0.7787896394729614,7
127,20,35,50,34,0.4312591552734375,0.8387136459350586,31
127,14,34,30,18,0.37658512592315674,0.8519099354743958,31
127,14,33,30,18,0.36982202529907227,0.8519099354743958,29
127,1,3,16,12,0.47222447395324707,0.8400819301605225,6
127,13,23,44,25,0.34682613611221313,0.8065558671951294,23
127,3,14,14,6,0.32436439394950867,0.760041356086731,12
127,3,12,15,7,0.3265652656555176,0.7623447775840759,11
128,2,51,27,22,0.3602144122123718,0.7713991403579712,11
128,13,83,44,26,0.3989076614379883,0.8566378355026245,36
128,5,29,16,5,0.3109859824180603,0.6763968467712402,17
128,1,14,14,4,0.3092087507247925,0.6708364486694336,12
128,1,11,20,10,0.3040713965892792,0.8761882185935974,12
128,1,8,19,8,0.3134644627571106,0.8382959365844727,18
128,0,7,9,1,0.252925306558609,0.6942718625068665,8
128,0,7,8,1,0.2575870454311371,0.6933653950691223,7
129,10,28,50,38,0.38967984914779663,0.9252997040748596,26
129,4,26,23,11,0.3079211711883545,0.787115752696991,19
129,2,10,11,5,0.19923320412635803,0.5048525333404541,9
129,2,10,11,5,0.204412043094635,0.502436101436615,9
129,1,7,19,9,0.2754136323928833,0.8198058009147644,11
129,0,2,3,0,0.22970741987228394,0.6974261403083801,5
129,0,1,3,1,0.16528372466564178,0.3827899992465973,2
129,0,1,3,1,0.16982871294021606,0.3814789056777954,2
130,7,24,29,19,0.36459213495254517,0.9018833637237549,24
130,16,35,32,23,0.3220309615135193,0.7265903949737549,30
130,8,18,12,3,0.21063748002052307,0.5088075995445251,16
130,9,18,12,3,0.20736831426620483,0.5084416270256042,17
130,5,15,17,8,0.3096463084220886,0.9237531423568726,17
130,0,4,7,2,0.2513311207294464,0.6886618733406067,8
130,1,6,6,1,0.20244254171848297,0.5974595546722412,5
130,1,6,6,1,0.1918523907661438,0.5825845003128052,5
131,2,2,15,15,0.33339133858680725,0.6903415322303772,5
131,13,27,23,11,0.354746550321579,0.8049426078796387,32
131,4,13,14,4,0.24502670764923096,0.6382778882980347,15
131,1,10,13,3,0.23763126134872437,0.6297782063484192,12
131,3,7,17,14,0.347180038690567,0.7282577753067017,10
131,3,10,12,5,0.32269418239593506,0.7850905656814575,12
131,0,5,6,0,0.31629329919815063,0.8140062689781189,6
131,0,6,6,0,0.30361464619636536,0.8138868808746338,6
132,0,22,12,9,0.2625550627708435,0.6721504330635071,3
132,9,27,29,13,0.35700473189353943,0.8820957541465759,27
132,5,16,19,7,0.2975998520851135,0.7824307680130005,19
132,3,14,19,7,0.2852478623390198,0.7764803767204285,18
132,0,2,2,1,0.1664801836013794,0.5212984085083008,1
132,0,5,12,6,0.31264328956604004,0.7361305356025696,10
132,0,5,7,0,0.33601295948028564,0.8055281043052673,5
132,0,6,7,0,0.32410550117492676,0.8021465539932251,6
133,2,17,39,34,0.2800682783126831,0.607803463935852,8
133,7,42,40,28,0.3782130777835846,0.8958284258842468,21
133,8,25,18,6,0.3319094777107239,0.7026953101158142,21
133,6,21,16,5,0.3196575343608856,0.6921654939651489,18
133,1,2,5,2,0.1583440601825714,0.3949688971042633,2
133,0,10,14,5,0.3608192801475525,0.8736846446990967,8
133,0,7,9,1,0.31206372380256653,0.6914384365081787,8
133,0,8,9,1,0.31551969051361084,0.7336974143981934,8
134,7,12,23,18,0.28310129046440125,0.5703771114349365,9
134,7,27,39,26,0.32559841871261597,0.7077081203460693,27
134,11,30,44,26,0.399517685174942,0.9204629063606262,29
134,9,27,45,27,0.3957422971725464,0.9227941632270813,30
134,3,4,21,16,0.2263203114271164,0.5940808057785034,7
134,1,10,18,7,0.2704358398914337,0.6972026228904724,17
134,2,9,23,8,0.249843031167984,0.82359778881073,13
134,2,13,25,10,0.2551648020744324,0.8413311839103699,15
135,4,19,25,13,0.28928807377815247,0.7352730631828308,17
135,1,21,31,13,0.31155526638031006,0.7539763450622559,23
135,1,10,19,5,0.3622494637966156,0.8065858483314514,12
135,1,7,15,5,0.36542046070098877,0.8075030446052551,12
135,2,8,7,2,0.2606438398361206,0.7265989184379578,9
135,0,1,4,0,0.2435578852891922,0.6960582137107849,5
135,1,10,18,6,0.3006298243999481,0.9127545356750488,9
135,1,12,19,7,0.3099389672279358,0.9130871295928955,10
136,0,0,0,0,0.29949185252189636,0.6174994707107544,0
136,3,13,14,7,0.3826460540294647,0.8715802431106567,7
136,0,6,12,5,0.3507213592529297,0.7863290905952454,6
136,0,6,12,5,0.34926724433898926,0.8063350915908813,6
136,1,2,3,3,0.3340963125228882,0.7140762805938721,1
136,4,8,14,8,0.3938957154750824,0.8949598073959351,6
136,0,3,6,1,0.3084293007850647,0.8020676374435425,7
136,0,3,6,1,0.29522159695625305,0.8015362620353699,6
137,0,8,5,4,0.37106558680534363,0.6995834708213806,1
137,0,15,1,0,0.3289329707622528,0.6365662813186646,0
137,0,24,4,3,0.36101415753364563,0.825605034828186,0
137,0,24,3,3,0.3652253746986389,0.849170446395874,0
137,0,16,6,5,0.4185304343700409,0.8450258374214172,2
137,0,28,4,3,0.3532637357711792,0.7776820659637451,1
137,1,13,17,14,0.392633318901062,0.8577404022216797,1
137,1,15,17,15,0.3883364796638489,0.8587629795074463,1
138,0,0,0,0,0.42031556367874146,0.7193544507026672,0
138,9,20,10,5,0.4379673898220062,0.8295822739601135,12
138,5,9,13,5,0.5093450546264648,0.9427387118339539,13
138,0,0,0,0,0.48173069953918457,0.8686530590057373,0
138,0,0,0,0,0.47614315152168274,0.8550464510917664,0
138,0,0,0,0,0.47429075837135315,0.8162504434585571,0
138,0,2,5,1,0.42222312092781067,0.7482280135154724,4
138,0,5,11,2,0.3871796727180481,0.9400728940963745,7
138,0,0,0,0,0.47081172466278076,0.7997050881385803,2
138,0,0,0,0,0.47094711661338806,0.8258776068687439,0
138,0,0,0,0,0.39022427797317505,0.8160035014152527,0
138,0,0,2,1,0.3845882713794708,0.7350614070892334,2
138,0,2,2,0,0.2469959259033203,0.8601030707359314,3
138,0,0,0,0,0.4157082438468933,0.7624915242195129,1
138,0,0,0,0,0.4514293670654297,0.7960121631622314,0
139,1,3,2,2,0.3235013782978058,0.6432178616523743,1
139,12,30,25,20,0.4280952215194702,0.6749658584594727,19
139,11,18,15,11,0.5491726398468018,0.9059358835220337,20
139,5,10,10,10,0.5749726295471191,0.9366340637207031,7
139,2,4,8,8,0.4335000514984131,0.8213410973548889,4
139,0,0,2,2,0.34575843811035156,0.5605060458183289,0
139,0,1,4,1,0.21861632168293,0.5142838954925537,5
139,2,8,9,1,0.37478822469711304,0.8236702680587769,11
139,4,6,8,8,0.5460699200630188,0.9620422720909119,6
139,3,4,5,5,0.4655192196369171,0.9433940052986145,5
139,0,0,3,2,0.2834169268608093,0.5190524458885193,1
139,0,0,1,0,0.15531443059444427,0.47480303049087524,3
139,0,5,5,0,0.25821202993392944,0.7120659351348877,4
139,0,0,0,0,0.47309407591819763,0.9593992829322815,0
139,0,0,0,0,0.47316670417785645,0.9450956583023071,0
140,0,5,6,5,0.45844459533691406,0.8993956446647644,1
140,0,9,5,2,0.4625118374824524,0.8654137253761292,2
140,0,10,5,2,0.48370176553726196,0.8780951499938965,3
140,0,5,6,5,0.4659927189350128,0.8995503187179565,0
140,0,10,5,2,0.4746692180633545,0.8654137253761292,2
140,0,11,5,2,0.4967954754829407,0.8780950307846069,2
141,5,26,30,18,0.30176842212677,0.7798181176185608,15
141,1,13,20,12,0.4209822714328766,0.807594358921051,8
141,0,8,16,8,0.453352153301239,0.8440860509872437,9
141,4,26,30,18,0.29598259925842285,0.7623635530471802,18
141,1,14,21,12,0.4090867042541504,0.7760677337646484,12
141,0,9,17,8,0.44007575511932373,0.8112043738365173,8
142,5,27,19,10,0.33109477162361145,0.8197623491287231,16
142,5,22,18,9,0.38569843769073486,0.8528445959091187,15
142,2,14,15,8,0.4001033902168274,0.8657565116882324,9
142,5,27,19,10,0.3361932933330536,0.8197623491287231,16
142,6,22,18,9,0.390485554933548,0.8528446555137634,14
142,2,14,15,8,0.40476560592651367,0.8657565116882324,9
143,6,25,23,13,0.3369690477848053,0.7937136888504028,20
143,6,23,18,9,0.35051941871643066,0.7807655930519104,21
143,4,18,15,7,0.35898557305336,0.7817347049713135,17
143,6,26,23,13,0.3305298089981079,0.8074935674667358,17
143,5,24,18,9,0.34033888578414917,0.8008129000663757,17
143,5,18,15,7,0.347400963306427,0.8005581498146057,16
144,0,1,1,0,0.30237388610839844,0.8471769690513611,0
144,0,0,0,0,0.1662759929895401,0.5731438398361206,0
144,0,0,0,0,0.1651264876127243,0.5931714177131653,0
144,0,1,1,0,0.3007303476333618,0.8453434109687805,0
144,0,0,0,0,0.15457579493522644,0.538555920124054,0
144,0,0,0,0,0.15270113945007324,0.5587490797042847,0
145,0,3,13,6,0.40994733572006226,0.8420684337615967,8
145,0,1,7,3,0.3092712163925171,0.500102162361145,4
145,0,1,6,3,0.30535900592803955,0.5074761509895325,2
145,0,3,15,8,0.39145228266716003,0.8295756578445435,7
145,0,2,7,3,0.2971203327178955,0.4689134657382965,4
145,0,2,6,3,0.2944123148918152,0.4800868630409241,3
146,2,33,27,16,0.3059564232826233,0.7054393291473389,11
146,3,43,26,15,0.3010483384132385,0.7776567935943604,16
146,2,37,20,11,0.3202482759952545,0.8328949809074402,13
146,5,33,27,16,0.3147122859954834,0.7054393291473389,14
146,3,44,26,15,0.31575608253479004,0.7794432044029236,15
146,2,38,20,11,0.33686739206314087,0.8339049816131592,11
147,5,33,31,13,0.2885342836380005,0.7520061135292053,24
147,8,26,38,22,0.41560083627700806,0.8658890128135681,24
147,8,24,35,21,0.4221542179584503,0.8641173839569092,22
147,3,24,35,16,0.276054710149765,0.751977264881134,24
147,7,26,38,22,0.3951595425605774,0.8644379377365112,25
147,7,24,35,21,0.4006699323654175,0.8624318242073059,21
148,4,35,12,5,0.2822299003601074,0.6050788760185242,14
148,2,23,10,2,0.4183026850223541,0.8729069828987122,10
148,2,18,8,2,0.4295274019241333,0.8854361176490784,8
148,6,36,12,5,0.2919798195362091,0.6051533222198486,15
148,2,23,11,3,0.43433332443237305,0.8743680119514465,10
148,2,18,9,3,0.4485902190208435,0.8921091556549072,8
149,6,21,23,11,0.3079088628292084,0.7172053456306458,16
149,2,9,11,5,0.4580880105495453,0.9046332836151123,8
149,2,9,11,5,0.48484712839126587,0.9107211232185364,8
149,7,19,21,10,0.2959877848625183,0.7213175296783447,18
149,3,9,11,5,0.43715301156044006,0.8869016766548157,9
149,3,9,11,5,0.4648107886314392,0.89512699842453,8
150,2,18,27,8,0.38954710960388184,0.8222881555557251,16
150,1,13,21,9,0.3805871307849884,0.7482479810714722,13
150,1,12,22,11,0.37510403990745544,0.7354779839515686,12
150,2,18,28,9,0.38693028688430786,0.8311532139778137,18
150,1,14,21,9,0.38823795318603516,0.7494314312934875,13
150,1,13,23,11,0.38556960225105286,0.7372367978096008,13
151,1,3,8,7,0.34294483065605164,0.6129249334335327,2
151,1,4,4,3,0.3181627690792084,0.6501073837280273,2
151,1,4,4,3,0.30647605657577515,0.6639887690544128,2
151,0,3,9,8,0.3462860882282257,0.6288440823554993,1
151,1,3,4,3,0.32802456617355347,0.7188829183578491,2
151,1,3,4,3,0.31798720359802246,0.7387555241584778,2
152,1,19,18,8,0.45249274373054504,0.8390202522277832,12
152,2,12,19,13,0.5054230093955994,0.8244202733039856,9
152,2,12,19,13,0.5189939737319946,0.8343167304992676,9
152,0,18,17,8,0.4547734260559082,0.8477702736854553,11
152,2,11,18,13,0.5004438161849976,0.8220460414886475,10
152,2,11,18,13,0.5126690864562988,0.8321498036384583,11
153,0,5,11,7,0.4726278781890869,0.8808550238609314,4
153,0,3,3,1,0.46492159366607666,0.8323875665664673,2
153,0,3,4,2,0.45430171489715576,0.7934300303459167,2
153,0,4,11,7,0.46430766582489014,0.8757303357124329,3
153,0,2,2,0,0.4576199948787689,0.829846978187561,2
153,0,2,3,1,0.4492904543876648,0.8010726571083069,2
154,0,18,41,20,0.4612501859664917,0.8142082095146179,24
154,1,4,15,10,0.4973917603492737,0.8897951245307922,6
154,1,4,10,6,0.4809727072715759,0.8884907960891724,6
154,0,19,41,20,0.45041942596435547,0.8137233853340149,25
154,0,4,15,10,0.4785156548023224,0.8793741464614868,6
154,1,4,10,6,0.46069321036338806,0.8765124082565308,6
155,1,15,1,1,0.4242672920227051,0.8908274173736572,1
155,1,18,21,17,0.31660664081573486,0.5422400236129761,6
155,0,15,20,16,0.30328595638275146,0.5404112935066223,5
155,2,15,1,1,0.4171972870826721,0.8908274173736572,2
155,0,18,21,17,0.3137543201446533,0.5415257215499878,5
155,1,15,20,16,0.30054688453674316,0.5396735072135925,6
156,7,16,24,20,0.39706674218177795,0.7879889607429504,11
156,1,6,26,22,0.3082335293292999,0.5596921443939209,4
156,1,6,26,22,0.30693429708480835,0.5741593241691589,4
156,7,13,24,20,0.37956857681274414,0.7232287526130676,11
156,1,6,26,22,0.3037708103656769,0.5567270517349243,4
156,1,6,26,22,0.3003357946872711,0.5649325251579285,4
157,1,32,14,8,0.3541465401649475,0.8687692880630493,7
157,1,30,12,10,0.36123329401016235,0.8475045561790466,4
157,1,25,10,9,0.36528536677360535,0.8541162014007568,4
157,1,32,14,8,0.3665400743484497,0.8687692880630493,7
157,1,30,12,10,0.37071874737739563,0.8475045561790466,5
157,1,25,10,9,0.37559226155281067,0.8541161417961121,4
158,3,9,21,16,0.33450859785079956,0.7248716950416565,9
158,3,4,5,5,0.38205429911613464,0.9350966215133667,4
158,1,3,3,3,0.39219269156455994,0.9411258101463318,2
158,2,5,17,13,0.31172889471054077,0.6583620309829712,8
158,1,1,2,2,0.3529919683933258,0.9087344408035278,1
158,1,1,2,2,0.36414074897766113,0.9193869233131409,1
159,1,26,22,8,0.3807835578918457,0.8264726996421814,13
159,7,25,26,16,0.5296152234077454,0.8192868232727051,18
159,6,19,20,13,0.5489732027053833,0.8184831738471985,16
159,3,27,23,8,0.3869670033454895,0.8274971842765808,15
159,5,25,26,16,0.5259590148925781,0.8184704184532166,17
159,4,19,20,13,0.5446406006813049,0.8177023530006409,14
160,5,23,30,18,0.36828380823135376,0.8525955677032471,19
160,4,15,9,7,0.4665909707546234,0.8823085427284241,7
160,4,13,3,3,0.5019445419311523,0.9076728224754333,6
160,5,24,30,18,0.38880831003189087,0.8662053942680359,17
160,4,15,9,7,0.4836953282356262,0.8823085427284241,7
160,5,13,3,3,0.5198520421981812,0.9076728224754333,6
161,6,88,35,17,0.3788740634918213,0.7549235224723816,23
161,5,22,10,4,0.5307486057281494,0.8639636635780334,9
161,0,9,5,2,0.5413371324539185,0.877038836479187,4
161,6,56,36,18,0.36599990725517273,0.7511828541755676,23
161,6,17,13,7,0.525567889213562,0.8642351627349854,10
161,0,10,8,5,0.5377822518348694,0.8726968169212341,4
162,9,43,50,38,0.3622461259365082,0.7609085440635681,22
162,8,38,23,16,0.4947410225868225,0.9221656322479248,16
162,7,28,18,13,0.5118522047996521,0.9304990172386169,14
162,9,43,58,43,0.3836355209350586,0.7796472311019897,29
162,8,38,23,16,0.5179340243339539,0.9250319600105286,15
162,9,28,18,13,0.5381760597229004,0.9338124990463257,18
163,8,80,54,36,0.44912397861480713,0.8442971706390381,27
163,11,74,34,23,0.5853312015533447,0.9129155874252319,21
163,8,54,28,19,0.6011092662811279,0.9149090647697449,18
163,8,84,54,36,0.46947789192199707,0.8581995964050293,27
163,7,74,34,23,0.6080785989761353,0.9131401777267456,18
163,4,54,28,19,0.6264170408248901,0.9150876402854919,14
164,11,69,45,34,0.3348405063152313,0.7384748458862305,26
164,8,54,40,33,0.4522266983985901,0.903715968132019,20
164,3,41,37,32,0.46572911739349365,0.9044685959815979,17
164,9,70,48,36,0.360318124294281,0.7527568936347961,27
164,7,56,43,34,0.4771883189678192,0.9083317518234253,20
164,4,43,40,33,0.49109455943107605,0.9090537428855896,16
165,4,23,26,15,0.3910949230194092,0.8532646894454956,15
165,4,18,16,10,0.43954744935035706,0.9125268459320068,12
165,4,13,13,8,0.4421107769012451,0.9131868481636047,11
165,4,26,26,15,0.4079820513725281,0.8539685010910034,17
165,3,19,17,11,0.46813303232192993,0.9258554577827454,11
165,3,14,14,9,0.4712561368942261,0.9264522790908813,11
166,5,56,25,16,0.4718009829521179,0.8865249752998352,13
166,8,88,43,33,0.36679595708847046,0.8676964640617371,22
166,9,76,38,30,0.3693774938583374,0.8684531450271606,18
166,6,57,25,16,0.48302191495895386,0.8865249752998352,15
166,10,89,43,33,0.37655365467071533,0.8681139349937439,21
166,10,78,39,31,0.38044455647468567,0.8688570857048035,20
167,6,27,44,32,0.45311522483825684,0.8643959760665894,32
167,2,23,50,37,0.5165840983390808,0.9124941229820251,24
167,1,20,46,35,0.5214186906814575,0.9110158681869507,23
167,8,30,46,34,0.44918525218963623,0.8524095416069031,30
167,2,23,50,37,0.5042970180511475,0.9124909043312073,24
167,1,20,48,36,0.5083029866218567,0.9110081791877747,26
168,8,68,78,57,0.5388764142990112,0.9450165629386902,35
168,2,20,33,26,0.4831688702106476,0.7949123978614807,11
168,4,13,24,20,0.47671347856521606,0.773868203163147,11
168,10,70,82,59,0.5295114517211914,0.9411160349845886,37
168,3,21,35,27,0.48245933651924133,0.7977247834205627,16
168,4,14,25,21,0.47725987434387207,0.7771239280700684,11
169,6,45,57,34,0.4607650935649872,0.8781554102897644,30
169,15,56,62,40,0.4139804542064667,0.7776119709014893,38
169,12,53,64,42,0.4223519563674927,0.7924473881721497,39
169,6,46,58,35,0.45959824323654175,0.8780393600463867,29
169,14,60,64,42,0.43815264105796814,0.7844324111938477,40
169,11,57,66,44,0.44702208042144775,0.7979156374931335,40
170,11,36,34,21,0.3754233121871948,0.9041900634765625,24
170,8,51,44,33,0.2948078215122223,0.6828234791755676,23
170,6,49,42,32,0.29583826661109924,0.6835147738456726,20
170,12,39,36,21,0.3987917900085449,0.9042919278144836,28
170,9,57,49,36,0.31979361176490784,0.7232080698013306,24
170,7,55,48,36,0.3199899196624756,0.7240650057792664,21
171,11,40,19,13,0.35640081763267517,0.8702619075775146,19
171,3,38,8,8,0.3286993205547333,0.788798451423645,4
171,1,32,7,7,0.3295304775238037,0.7895897030830383,1
171,10,43,20,13,0.38242483139038086,0.8898086547851562,19
171,3,42,12,10,0.3447904884815216,0.7888107895851135,5
171,2,36,11,9,0.34625130891799927,0.7896002531051636,4
172,7,31,7,6,0.36484622955322266,0.83056640625,8
172,0,28,2,2,0.3700444996356964,0.8345473408699036,0
172,0,21,0,0,0.3718109726905823,0.8353469967842102,0
172,7,36,8,7,0.3948477506637573,0.8424805402755737,8
172,2,29,4,4,0.38975247740745544,0.8347328901290894,2
172,0,21,1,1,0.39009302854537964,0.8355225324630737,0
173,9,65,24,13,0.3982889652252197,0.8407914042472839,21
173,1,8,11,6,0.48094797134399414,0.8255323171615601,10
173,1,7,8,4,0.47696202993392944,0.8220376372337341,8
173,8,67,25,13,0.4161279797554016,0.8412551879882812,20
173,3,11,12,6,0.5066229701042175,0.8478133082389832,11
173,4,10,9,4,0.5028839111328125,0.8449814319610596,10
174,9,39,30,19,0.33140552043914795,0.6446709036827087,18
174,8,43,29,19,0.39211490750312805,0.7918209433555603,21
174,6,35,23,15,0.3986304998397827,0.7999302744865417,17
174,8,39,30,19,0.3393440246582031,0.6446709036827087,18
174,4,45,30,19,0.41108623147010803,0.826976478099823,18
174,4,37,24,15,0.4183199405670166,0.8340925574302673,21
175,0,2,3,1,0.41689935326576233,0.7703277468681335,2
175,6,39,22,12,0.4677688181400299,0.9023603200912476,18
175,6,39,22,12,0.4811328053474426,0.9149812459945679,18
175,0,2,3,1,0.42725950479507446,0.7686518430709839,1
175,5,39,22,12,0.4843388795852661,0.9023603200912476,17
175,8,39,22,12,0.49839794635772705,0.9149812459945679,20
176,1,3,9,4,0.5078765153884888,0.8567585945129395,2
176,5,16,17,6,0.5299326777458191,0.7985907793045044,15
176,6,16,17,6,0.5401619672775269,0.7991165518760681,14
176,1,4,9,4,0.503740131855011,0.8596049547195435,3
176,3,18,21,10,0.5360789895057678,0.8226823806762695,12
176,4,18,21,10,0.5484600067138672,0.8232719898223877,12
177,4,24,25,14,0.5308747291564941,0.8816666007041931,14
177,6,32,43,22,0.5851462483406067,0.9164218306541443,23
177,5,30,39,19,0.5762910842895508,0.9158227443695068,20
177,2,23,30,18,0.5289369821548462,0.8836385011672974,16
177,4,32,46,24,0.5807750225067139,0.9117834568023682,25
177,4,30,41,21,0.5692077875137329,0.903244137763977,25
178,3,22,19,11,0.4461119771003723,0.7351563572883606,13
178,7,59,36,22,0.4560069441795349,0.8126144409179688,22
178,6,56,31,17,0.4569880962371826,0.8141651749610901,21
178,3,24,20,11,0.46775177121162415,0.7729102969169617,15
178,5,62,38,22,0.4823932647705078,0.8385255932807922,21
178,6,59,33,17,0.48603081703186035,0.8403540849685669,21
179,8,43,27,21,0.4616013765335083,0.9223484992980957,18
179,6,46,11,5,0.36006784439086914,0.7371565103530884,15
179,8,40,6,2,0.36654800176620483,0.7600228190422058,15
179,8,44,33,26,0.489862859249115,0.9223534464836121,15
179,6,48,11,5,0.3788914382457733,0.7381320595741272,14
179,7,41,6,2,0.3835473656654358,0.7600228786468506,15
180,1,11,20,16,0.41196149587631226,0.8220764994621277,9
180,0,5,11,10,0.4174681603908539,0.8337540030479431,6
180,0,1,9,8,0.4199763536453247,0.8409305810928345,5
180,1,13,24,20,0.43500062823295593,0.8246310353279114,7
180,0,5,11,10,0.44121280312538147,0.8350719213485718,5
180,0,1,9,8,0.44321537017822266,0.8420253396034241,6
181,3,23,33,18,0.41081827878952026,0.8534207344055176,17
181,6,65,46,26,0.38047701120376587,0.7895204424858093,24
181,7,62,44,26,0.38363897800445557,0.7980371117591858,23
181,0,25,33,18,0.4270394444465637,0.8534208536148071,16
181,5,67,46,26,0.39877986907958984,0.7958978414535522,24
181,4,64,46,27,0.4025064706802368,0.8050495386123657,24
182,4,23,38,23,0.5239087343215942,0.9356597661972046,26
182,9,59,53,37,0.44996994733810425,0.8844138383865356,29
182,11,54,48,34,0.45300859212875366,0.8846701383590698,29
182,4,28,39,23,0.547902524471283,0.9356597661972046,24
182,10,60,53,37,0.4703415036201477,0.8844181895256042,29
182,10,55,48,34,0.47481584548950195,0.8862382173538208,30
183,0,13,18,8,0.5116820335388184,0.9150238633155823,11
183,5,63,37,27,0.4094490706920624,0.856092631816864,20
183,5,61,36,27,0.41042596101760864,0.8437215089797974,18
183,1,14,19,9,0.5154348015785217,0.9146357178688049,11
183,6,63,37,27,0.4262661337852478,0.8567975759506226,21
183,5,61,36,27,0.42715805768966675,0.8445691466331482,18
184,0,63,1,1,0.5488683581352234,0.8644664883613586,0
184,0,53,4,4,0.5468039512634277,0.9186460375785828,1
184,0,42,4,4,0.5446299314498901,0.9050823450088501,1
184,0,63,1,1,0.5421144366264343,0.8617315292358398,0
184,0,54,4,4,0.5543215870857239,0.9281290769577026,1
184,0,43,4,4,0.5527008175849915,0.9157196283340454,1
185,10,52,49,37,0.37232035398483276,0.714448869228363,24
185,8,22,15,10,0.39971449971199036,0.9025499820709229,14
185,5,18,20,14,0.2901262938976288,0.6578479409217834,15
185,6,17,19,13,0.2795325219631195,0.6235997080802917,15
185,10,43,56,42,0.43204009532928467,0.7691873908042908,24
185,4,16,17,11,0.42221659421920776,0.788436233997345,12
185,4,13,19,13,0.2937154769897461,0.6322975158691406,14
185,5,12,18,12,0.27797141671180725,0.5951178073883057,15
186,5,8,12,9,0.39969131350517273,0.6595794558525085,10
186,6,17,18,16,0.4578888416290283,0.9207454323768616,12
186,4,14,18,13,0.4343686103820801,0.958843469619751,14
186,6,15,18,12,0.42812711000442505,0.9472618699073792,13
186,0,1,1,0,0.3587642312049866,0.6309374570846558,1
186,0,0,0,0,0.3361494839191437,0.5391116738319397,0
186,0,0,0,0,0.2766876220703125,0.5268467664718628,0
186,0,0,0,0,0.26957136392593384,0.5242047905921936,0
187,0,1,2,1,0.12684985995292664,0.601536214351654,1
187,3,11,19,8,0.2901829481124878,0.8461387753486633,14
187,1,4,14,7,0.304306298494339,0.880398690700531,12
187,1,3,12,6,0.28318145871162415,0.8358670473098755,11
187,0,1,2,1,0.16970935463905334,0.6169717311859131,1
187,2,5,15,8,0.22089210152626038,0.7709686160087585,8
187,1,2,10,7,0.15451344847679138,0.7052611708641052,6
187,1,1,9,6,0.13532079756259918,0.6327168345451355,6
188,1,8,3,1,0.4026451110839844,0.7818270325660706,4
188,22,88,26,15,0.5131143927574158,0.8835456371307373,35
188,3,9,3,1,0.5488408803939819,0.8874556422233582,6
188,4,9,3,1,0.541354238986969,0.8910048007965088,9
188,1,10,12,4,0.3993799388408661,0.8352599143981934,10
188,19,49,35,15,0.4476393461227417,0.8819671273231506,41
188,4,11,6,3,0.4960848093032837,0.8890702724456787,9
188,4,11,5,3,0.49129021167755127,0.8887757658958435,8
189,1,2,8,6,0.39324507117271423,0.8124184608459473,5
189,9,34,40,17,0.5147033929824829,0.8683724999427795,43
189,2,9,13,5,0.5848082304000854,0.859742283821106,12
189,2,8,10,5,0.5776030421257019,0.8466472029685974,8
189,0,3,6,3,0.3074849247932434,0.8189366459846497,3
189,3,16,18,3,0.3233913481235504,0.784055769443512,20
189,1,5,17,10,0.4515841603279114,0.8701805472373962,10
189,1,3,18,12,0.4476568400859833,0.8575999736785889,12
190,1,4,7,6,0.427956759929657,0.8153809309005737,2
190,20,60,45,27,0.5541967153549194,0.9139944911003113,40
190,13,27,24,16,0.5224469304084778,0.8696461915969849,25
190,10,22,20,15,0.5311149954795837,0.8769179582595825,19
190,0,3,6,4,0.3349144458770752,0.7266199588775635,3
190,3,18,21,7,0.37469246983528137,0.9046229124069214,18
190,5,13,20,11,0.4094398021697998,0.806297242641449,18
190,6,14,17,11,0.41442379355430603,0.796967089176178,17
191,2,6,17,14,0.3463025391101837,0.7598076462745667,5
191,5,11,18,10,0.28466078639030457,0.8078246712684631,12
191,4,12,21,13,0.42009449005126953,0.8085570931434631,11
191,4,12,21,13,0.42108625173568726,0.8069868683815002,9
191,0,2,3,1,0.2835668921470642,0.6736045479774475,2
191,0,4,8,1,0.23872610926628113,0.6398108601570129,5
191,1,6,18,13,0.37906086444854736,0.8261017203330994,6
191,0,6,18,13,0.38693201541900635,0.839320719242096,5
192,4,21,30,19,0.4339333772659302,0.9065340161323547,26
192,8,21,36,26,0.42757925391197205,0.8288660049438477,24
192,1,3,3,0,0.46547338366508484,0.8730975389480591,3
192,1,3,3,0,0.45651692152023315,0.8696603775024414,5
192,4,9,20,13,0.279519259929657,0.7132850289344788,11
192,8,12,23,20,0.3012218475341797,0.7595973610877991,13
192,2,4,12,7,0.37044185400009155,0.6502834558486938,5
192,1,3,11,6,0.3682326078414917,0.6505159139633179,5
193,3,5,17,11,0.511288046836853,0.8952553272247314,7
193,1,2,7,3,0.4576248824596405,0.8223065733909607,5
193,1,8,9,7,0.42418941855430603,0.7301954030990601,4
193,2,9,8,6,0.4244709312915802,0.722051739692688,6
193,4,7,18,11,0.3574901819229126,0.7827643156051636,8
193,1,3,8,4,0.3981996178627014,0.6772971153259277,4
193,0,0,5,4,0.4272785186767578,0.7766430974006653,1
193,0,0,4,3,0.43407541513442993,0.8008947968482971,1
194,5,10,24,14,0.4953950047492981,0.9533482789993286,13
194,11,34,36,24,0.3735697269439697,0.802308201789856,29
194,2,13,22,13,0.49685347080230713,0.8395681381225586,16
194,1,9,21,13,0.5033570528030396,0.8438089489936829,12
194,1,8,17,8,0.29447370767593384,0.7230972647666931,6
194,5,9,9,4,0.1868775337934494,0.5598140358924866,12
194,2,9,17,9,0.3623848557472229,0.7874723672866821,11
194,2,9,17,10,0.37465184926986694,0.7960508465766907,11
195,3,9,22,21,0.4868689179420471,0.9355798959732056,4
195,14,36,45,33,0.32536059617996216,0.795416533946991,27
195,5,13,21,13,0.42828112840652466,0.7630643844604492,14
195,5,12,23,15,0.42141541838645935,0.7630507349967957,12
195,2,6,17,12,0.28824955224990845,0.6709505915641785,6
195,4,9,16,9,0.23244227468967438,0.7085234522819519,11
195,5,10,21,15,0.3676892817020416,0.7627391219139099,10
195,5,10,21,15,0.3687652349472046,0.759147047996521,10
196,1,4,14,10,0.4351581633090973,0.8302647471427917,5
196,5,28,31,18,0.4194317162036896,0.8565263748168945,24
196,0,2,18,16,0.570954442024231,0.9300901293754578,6
196,0,2,19,17,0.5877532958984375,0.9412187337875366,6
196,0,4,11,5,0.3653201460838318,0.8345375061035156,4
196,1,6,9,1,0.22018077969551086,0.6943700313568115,10
196,0,3,18,16,0.38639554381370544,0.8912868499755859,3
196,2,3,18,17,0.4074432849884033,0.918002724647522,6
197,2,5,14,8,0.5137950778007507,0.9051370620727539,7
197,11,33,43,27,0.42338693141937256,0.8503531813621521,31
197,0,1,14,12,0.48541200160980225,0.7886800169944763,5
197,0,1,12,9,0.4794786274433136,0.7833175659179688,6
197,2,8,23,15,0.5047308206558228,0.938204824924469,12
197,6,16,31,19,0.31324338912963867,0.8253656029701233,18
197,0,2,17,14,0.3892887234687805,0.8094786405563354,5
197,0,2,15,11,0.38106346130371094,0.8020309209823608,6
198,2,4,23,18,0.512645423412323,0.9067969918251038,13
198,10,28,23,12,0.4574940502643585,0.9131243228912354,29
198,1,1,14,12,0.5770575404167175,0.9152767658233643,3
198,0,1,15,13,0.5749881863594055,0.9261021018028259,0
198,3,9,24,19,0.4821934700012207,0.8995444774627686,12
198,2,8,12,2,0.3126530051231384,0.8029163479804993,14
198,0,1,13,11,0.4779722988605499,0.8962952494621277,1
198,0,1,15,13,0.4932490885257721,0.9103804230690002,2
199,3,19,19,16,0.4817824065685272,0.8572019338607788,15
199,11,54,37,24,0.417291522026062,0.8656936883926392,30
199,0,4,8,8,0.4703146815299988,0.7863755822181702,3
199,0,3,6,6,0.4714072346687317,0.7957947254180908,2
199,2,7,18,13,0.38637104630470276,0.7724900841712952,10
199,7,14,24,14,0.26164278388023376,0.771700918674469,18
199,0,3,12,7,0.43272557854652405,0.8838005661964417,5
199,0,2,8,5,0.4319591522216797,0.8829712271690369,4
200,4,23,31,16,0.44419774413108826,0.9186497330665588,22
200,8,32,42,29,0.36216768622398376,0.8260490894317627,26
200,4,8,27,25,0.4682386815547943,0.7817113995552063,12
200,3,7,24,23,0.4608880877494812,0.7556009888648987,11
200,2,12,19,10,0.36161008477211,0.8558064103126526,16
200,4,11,17,9,0.23104029893875122,0.7677214741706848,21
200,3,6,19,16,0.3433297574520111,0.7878676056861877,8
200,2,5,18,16,0.34790533781051636,0.7730847001075745,7
201,0,2,8,7,0.37576979398727417,0.6553458571434021,0
201,14,38,29,16,0.33206549286842346,0.7335942387580872,31
201,0,10,28,19,0.3858603239059448,0.7171003818511963,10
201,0,8,26,18,0.3820596933364868,0.7104975581169128,7
201,0,2,15,11,0.366971492767334,0.8903450965881348,6
201,2,5,11,7,0.17541460692882538,0.6133906245231628,9
201,1,7,27,19,0.338706910610199,0.7416631579399109,11
201,1,6,30,21,0.3431813716888428,0.7396256923675537,13
202,0,4,11,6,0.5071659684181213,0.8815850615501404,7
202,8,40,47,26,0.46912652254104614,0.9255350232124329,34
202,2,5,24,20,0.4014720320701599,0.7365221977233887,6
202,2,4,15,12,0.39513856172561646,0.7099297046661377,3
202,1,5,12,6,0.40128079056739807,0.8850960731506348,9
202,5,16,27,15,0.27570515871047974,0.8389111161231995,19
202,1,7,23,18,0.350236177444458,0.7241883277893066,6
202,2,4,16,13,0.3608627915382385,0.7311223745346069,3
203,2,10,17,9,0.5106215476989746,0.9388012886047363,12
203,15,44,45,27,0.4506120979785919,0.9006152749061584,36
203,3,6,15,12,0.5661531686782837,0.898618757724762,8
203,2,6,13,10,0.5574491024017334,0.8862574696540833,7
203,2,13,30,17,0.34629637002944946,0.7144560217857361,16
203,7,22,32,19,0.29501473903656006,0.8840580582618713,16
203,3,4,18,15,0.47987180948257446,0.8639774322509766,9
203,2,4,18,15,0.47321557998657227,0.8437529802322388,7
204,2,7,6,5,0.5650209188461304,0.9334005117416382,3
204,7,28,39,23,0.4284793734550476,0.8808119297027588,28
204,1,3,11,10,0.4638649523258209,0.8229087591171265,4
204,1,3,9,8,0.45535123348236084,0.7732157707214355,3
204,1,3,4,3,0.3426709771156311,0.8449037671089172,4
204,1,9,20,8,0.29310306906700134,0.8584937453269958,16
204,0,2,14,9,0.40470677614212036,0.80155348777771,7
204,0,1,12,7,0.3977590501308441,0.7543924450874329,4
205,3,13,14,13,0.4680960774421692,0.9254891276359558,8
205,10,44,32,18,0.3726734220981598,0.7392643094062805,26
205,1,10,9,6,0.3987921476364136,0.6855084896087646,5
205,0,5,6,4,0.3962305188179016,0.6891341805458069,1
205,2,6,10,8,0.2680390477180481,0.5722624659538269,6
205,1,6,6,1,0.27102699875831604,0.7485901713371277,4
205,0,1,4,3,0.3389623463153839,0.5746355056762695,1
205,0,1,4,3,0.3424907922744751,0.5999217629432678,1
206,2,4,16,11,0.48551997542381287,0.9591930508613586,4
206,12,33,44,28,0.34500589966773987,0.6977725625038147,34
206,4,10,15,12,0.44216248393058777,0.7317568063735962,9
206,3,7,13,10,0.4426025450229645,0.7338598966598511,7
206,0,2,14,8,0.27392852306365967,0.6485864520072937,3
206,0,7,11,5,0.28931137919425964,0.7111795544624329,7
206,2,9,15,13,0.36363083124160767,0.7521675825119019,8
206,2,9,15,13,0.36626335978507996,0.7549536228179932,8
207,1,6,15,10,0.5880777835845947,0.9731700420379639,7
207,12,49,31,18,0.34635916352272034,0.6997724175453186,30
207,4,18,17,10,0.46023479104042053,0.7629380822181702,13
207,3,16,17,10,0.4662245512008667,0.7625812888145447,11
207,1,5,16,10,0.39585524797439575,0.8772767186164856,7
207,0,5,14,6,0.242127925157547,0.6629844903945923,6
207,0,3,10,4,0.2920922338962555,0.6028255224227905,7
207,0,4,10,4,0.3016505241394043,0.6033377051353455,6
208,1,3,8,5,0.5266354084014893,0.9207517504692078,5
208,17,52,38,22,0.3891220688819885,0.8188018202781677,35
208,9,20,25,17,0.49360358715057373,0.8218787908554077,22
208,7,15,25,17,0.4966199994087219,0.8160683512687683,19
208,0,4,10,6,0.3838426470756531,0.8293941617012024,6
208,0,6,9,2,0.2694982886314392,0.7276790738105774,11
208,1,7,14,9,0.3617002069950104,0.7878420948982239,8
208,1,7,14,9,0.36231303215026855,0.7878780364990234,6
209,1,3,6,5,0.4831976294517517,0.8413636684417725,4
209,22,69,50,33,0.42592963576316833,0.8654360771179199,44
209,11,22,25,19,0.4900784492492676,0.8642099499702454,20
209,5,12,24,18,0.47690609097480774,0.8555036187171936,16
209,1,6,8,4,0.36483660340309143,0.7345983386039734,6
209,0,8,14,5,0.2577316462993622,0.7821798324584961,11
209,0,10,21,12,0.3519914448261261,0.8424373865127563,15
209,0,9,24,15,0.3485986888408661,0.8240823149681091,12
210,7,18,30,21,0.5347309708595276,0.9066569209098816,25
210,22,82,53,38,0.4239283800125122,0.8606792688369751,52
210,12,23,30,22,0.42042848467826843,0.7698277831077576,27
210,7,20,26,19,0.41529086232185364,0.7729284763336182,21
210,7,21,28,14,0.4133817255496979,0.9150589108467102,25
210,1,13,25,10,0.3180955946445465,0.847507655620575,21
210,5,12,18,11,0.31714752316474915,0.7873354554176331,15
210,3,9,17,11,0.3131302297115326,0.7942118048667908,15
211,8,18,31,26,0.47892868518829346,0.8555232286453247,16
211,28,80,55,43,0.3983519971370697,0.8410643339157104,47
211,3,30,22,8,0.4543943405151367,0.7984068393707275,22
211,5,22,19,6,0.4451195001602173,0.773919939994812,18
211,5,13,25,16,0.36995047330856323,0.8445707559585571,20
211,2,13,29,17,0.30222514271736145,0.8440707325935364,17
211,1,12,19,6,0.40442225337028503,0.8505150079727173,17
211,1,10,19,6,0.39497846364974976,0.8331393599510193,12
212,7,19,21,15,0.4703642427921295,0.8883250951766968,18
212,29,76,64,53,0.38763710856437683,0.860000491142273,45
212,9,30,22,14,0.41762810945510864,0.7760221362113953,19
212,7,26,19,12,0.41372284293174744,0.7600836157798767,17
212,1,9,8,3,0.3182304799556732,0.7387195825576782,8
212,3,9,20,9,0.2226898968219757,0.7430922985076904,16
212,0,12,19,8,0.34840333461761475,0.7915794849395752,15
212,1,12,20,10,0.35558459162712097,0.7827063202857971,15
213,9,26,25,15,0.47495901584625244,0.8249987363815308,24
213,19,46,38,23,0.36579930782318115,0.7177882194519043,44
213,9,27,27,14,0.42413121461868286,0.7907412052154541,23
213,8,25,27,14,0.41743379831314087,0.7874943614006042,21
213,1,14,22,8,0.40764862298965454,0.9167607426643372,17
213,2,10,15,4,0.22738951444625854,0.6678397059440613,18
213,2,17,19,3,0.35450708866119385,0.757317066192627,19
213,2,15,19,3,0.3484373092651367,0.7536359429359436,20
214,4,19,30,12,0.40803712606430054,0.7545851469039917,24
214,8,22,19,9,0.31912145018577576,0.7228924632072449,24
214,6,18,19,8,0.39907097816467285,0.7591109871864319,22
214,6,20,20,9,0.40307971835136414,0.7591109871864319,20
214,3,19,35,13,0.3994820713996887,0.8510358929634094,26
214,3,13,19,6,0.31627508997917175,0.7669632434844971,21
214,2,19,26,7,0.3925606608390808,0.9081501364707947,25
214,2,20,26,7,0.38858726620674133,0.9051401615142822,24
215,1,3,9,6,0.3328438997268677,0.5804528594017029,3
215,4,17,15,10,0.2622454762458801,0.5994639992713928,7
215,3,13,7,4,0.4166654944419861,0.680530309677124,4
215,3,15,7,4,0.4253132939338684,0.6821931600570679,4
215,1,9,23,13,0.35033291578292847,0.8491076827049255,11
215,1,6,10,4,0.23343785107135773,0.67221999168396,5
215,2,8,20,8,0.3594636917114258,0.6697745323181152,13
215,2,10,20,8,0.37002477049827576,0.6834449172019958,14
216,1,4,14,11,0.41472339630126953,0.8036219477653503,4
216,5,10,7,6,0.3789694309234619,0.7623184323310852,6
216,3,4,6,6,0.46859073638916016,0.8617535829544067,3
216,3,4,5,5,0.4669388234615326,0.861753523349762,3
216,1,3,14,10,0.3701136112213135,0.8973768949508667,4
216,1,2,3,2,0.23626190423965454,0.7460632920265198,2
216,1,1,4,4,0.4329904615879059,0.8134899735450745,1
216,1,1,3,3,0.43773335218429565,0.8135093450546265,1
217,3,16,27,17,0.3517560362815857,0.6674946546554565,15
217,2,8,11,7,0.36071357131004333,0.7273175716400146,6
217,2,5,9,8,0.3857167959213257,0.7297151684761047,4
217,1,5,9,8,0.3803313672542572,0.7164976000785828,3
217,2,10,19,10,0.3373681902885437,0.7785519361495972,11
217,1,3,4,1,0.3389989733695984,0.8032302260398865,6
217,0,5,6,3,0.3564642667770386,0.7998814582824707,3
217,0,4,6,3,0.3514895439147949,0.7990363240242004,3
218,3,14,17,12,0.4491223394870758,0.8416339755058289,11
218,6,9,6,5,0.4684787392616272,0.8978668451309204,12
218,2,8,7,5,0.5241045951843262,0.9326085448265076,8
218,3,10,8,6,0.5280029773712158,0.9414645433425903,9
218,1,7,15,10,0.3541223406791687,0.8327387571334839,10
218,4,5,6,5,0.39651060104370117,0.8954331278800964,8
218,1,4,7,5,0.39992719888687134,0.8891035318374634,3
218,2,6,8,6,0.40483686327934265,0.8959899544715881,5
219,0,3,5,0,0.1833965927362442,0.4682174623012543,4
219,10,34,30,21,0.23651853203773499,0.6657957434654236,21
219,9,25,29,21,0.46437370777130127,0.9312979578971863,18
219,8,24,28,20,0.48103857040405273,0.9324061274528503,18
219,0,0,1,1,0.1902305781841278,0.45805624127388,1
219,2,3,7,4,0.15770480036735535,0.5589392781257629,3
219,5,12,19,14,0.21950632333755493,0.771869957447052,12
219,4,11,18,13,0.23308685421943665,0.7896218299865723,14
220,0,2,2,1,0.2840646505355835,0.6393274664878845,1
220,8,47,21,7,0.41475892066955566,0.863052487373352,24
220,3,8,16,9,0.5697221755981445,0.9035447835922241,11
220,2,6,14,8,0.5708190202713013,0.9069422483444214,8
220,0,1,1,0,0.13947026431560516,0.34590858221054077,1
220,4,11,13,4,0.2772514522075653,0.7996693849563599,14
220,4,14,22,11,0.4347246289253235,0.8997805714607239,17
220,3,14,20,10,0.44261765480041504,0.9169199466705322,14
221,0,1,0,0,0.2773206830024719,0.6180264353752136,1
221,8,27,15,11,0.3843497633934021,0.8828093409538269,13
221,0,5,7,4,0.5943233966827393,0.9166778326034546,6
221,0,2,5,2,0.5909919738769531,0.899311363697052,2
221,0,0,0,0,0.14809198677539825,0.36912259459495544,0
221,1,5,8,2,0.2499314844608307,0.842655599117279,7
221,1,6,12,6,0.581483006477356,0.9530096650123596,11
221,1,6,10,4,0.5918640494346619,0.9447420835494995,7
222,1,12,0,0,0.3576962947845459,0.6873109936714172,2
222,5,21,13,7,0.40194469690322876,0.8061121106147766,11
222,1,2,6,6,0.5750485062599182,0.8727414608001709,2
222,0,0,4,4,0.5807185769081116,0.8690614700317383,0
222,1,1,1,1,0.1753193438053131,0.4291520416736603,1
222,2,8,9,2,0.2866642475128174,0.7401812672615051,8
222,1,7,10,4,0.6232626438140869,0.9603967666625977,12
222,1,5,8,3,0.6319650411605835,0.9603967666625977,7
223,0,1,13,13,0.3215140402317047,0.6424818634986877,2
223,5,23,14,11,0.3636089563369751,0.8020865321159363,7
223,0,0,4,4,0.5143840909004211,0.8364084959030151,0
223,0,0,4,4,0.5159847140312195,0.832451581954956,0
223,0,1,3,2,0.1821344494819641,0.5721259713172913,1
223,0,3,9,4,0.2506010830402374,0.7952257394790649,5
223,0,3,7,4,0.5463246703147888,0.9417358636856079,3
223,0,2,6,4,0.5437558889389038,0.9345998167991638,4
224,1,7,5,4,0.33256304264068604,0.7175596356391907,2
224,2,16,12,8,0.3427368402481079,0.8810318112373352,6
224,0,0,2,1,0.5489515066146851,0.8838669657707214,0
224,0,0,0,0,0.542096734046936,0.8710287809371948,0
224,0,1,4,3,0.23316511511802673,0.6211304664611816,1
224,4,4,4,3,0.2958158850669861,0.9182517528533936,6
224,1,2,4,3,0.5806238651275635,0.9278798699378967,2
224,0,0,2,2,0.5728258490562439,0.91697758436203,0
225,0,4,0,0,0.34423112869262695,0.65644371509552,0
225,6,19,8,7,0.3600810468196869,0.7225545048713684,9
225,0,0,5,5,0.4161071479320526,0.6843821406364441,0
225,0,0,5,5,0.41473475098609924,0.6681994795799255,0
225,0,4,0,0,0.3595768213272095,0.6800268888473511,0
225,3,8,6,5,0.3822172284126282,0.7433095574378967,5
225,0,1,11,10,0.5476041436195374,0.8987346291542053,0
225,0,1,11,10,0.5496410727500916,0.895257830619812,0
226,6,8,4,4,0.2493722289800644,0.6247461438179016,7
226,3,8,5,4,0.26276326179504395,0.6740119457244873,5
226,0,0,8,8,0.3096899390220642,0.748088002204895,0
226,0,0,9,9,0.30890247225761414,0.7477046847343445,0
226,5,8,5,5,0.3699108362197876,0.7113566398620605,5
226,3,9,6,4,0.4238556921482086,0.8875517249107361,6
226,0,0,8,8,0.5689684152603149,0.9063246250152588,0
226,0,0,9,9,0.5615571737289429,0.8867939710617065,0
227,2,13,13,11,0.5364139080047607,0.7714174389839172,4
227,9,30,21,14,0.4361805319786072,0.7822264432907104,16
227,1,7,4,3,0.5358244180679321,0.9286367297172546,3
227,0,9,4,3,0.5365127325057983,0.9313634037971497,2
227,1,2,5,4,0.5292525291442871,0.8731008172035217,2
227,1,5,9,4,0.2879590690135956,0.6201249957084656,7
227,1,1,4,2,0.34285470843315125,0.8544754981994629,4
227,1,5,4,2,0.3466072976589203,0.8558785319328308,3
228,3,20,5,4,0.5455313324928284,0.8414247632026672,5
228,7,39,14,10,0.38584816455841064,0.8107653856277466,12
228,0,4,0,0,0.5409881472587585,0.9342573285102844,0
228,1,6,0,0,0.5451704859733582,0.9330610036849976,2
228,0,1,6,2,0.5474300980567932,0.8783003091812134,3
228,0,2,3,0,0.2621215879917145,0.5795943737030029,5
228,0,1,0,0,0.46378692984580994,0.8236446976661682,0
228,1,3,0,0,0.46780848503112793,0.8262907862663269,2
229,3,11,18,16,0.5583041906356812,0.8957531452178955,8
229,7,27,28,24,0.4074508845806122,0.793635368347168,13
229,0,2,0,0,0.5031896829605103,0.8645144701004028,0
229,0,2,0,0,0.502534806728363,0.8645076155662537,0
229,1,5,14,11,0.5359892845153809,0.9646504521369934,7
229,0,5,14,10,0.22521229088306427,0.7003705501556396,3
229,0,2,0,0,0.40047696232795715,0.8493716716766357,0
229,0,2,0,0,0.4072542190551758,0.8526116609573364,0
230,1,4,11,7,0.5646895170211792,0.8875169157981873,5
230,10,28,20,15,0.3983669579029083,0.7915499806404114,15
230,0,0,3,3,0.4572054147720337,0.753596842288971,1
230,0,1,5,4,0.45685261487960815,0.7452504634857178,1
230,1,5,15,8,0.5203006267547607,0.9393364191055298,6
230,0,0,4,2,0.19916650652885437,0.5645489692687988,2
230,0,0,3,3,0.3359350860118866,0.7442547082901001,2
230,0,1,5,4,0.3410070836544037,0.7456567287445068,1
231,0,5,6,2,0.5252953767776489,0.8771176934242249,4
231,8,30,26,14,0.4372694790363312,0.8886350393295288,18
231,0,1,1,1,0.4494492709636688,0.8315171003341675,0
231,0,1,0,0,0.4433235228061676,0.8135054707527161,0
231,1,6,7,2,0.5515366196632385,0.9401621222496033,5
231,8,20,25,12,0.3135371208190918,0.850286066532135,23
231,0,1,1,1,0.379499614238739,0.7975090742111206,0
231,0,1,0,0,0.3779199719429016,0.7736619710922241,0
232,0,21,13,7,0.48411083221435547,0.8224757313728333,6
232,3,47,17,7,0.3332516551017761,0.7688378095626831,10
232,0,0,0,0,0.3986368179321289,0.780664324760437,0
232,0,0,0,0,0.3973008990287781,0.7747867107391357,0
232,0,19,19,11,0.5677962303161621,0.9383460879325867,9
232,2,18,15,5,0.25386369228363037,0.6939170360565186,10
232,0,1,8,6,0.4085690379142761,0.8523347973823547,2
232,0,1,8,6,0.4085474908351898,0.8497658967971802,2
233,1,17,8,6,0.545979380607605,0.8491055369377136,7
233,12,53,20,14,0.3584088683128357,0.844273030757904,22
233,1,3,8,4,0.3989752531051636,0.8514013886451721,3
233,1,2,6,4,0.40490370988845825,0.8469205498695374,3
233,1,11,8,4,0.6069498658180237,0.9310314655303955,7
233,9,24,15,9,0.2089442014694214,0.7112232446670532,13
233,0,1,11,6,0.3078785836696625,0.7638146877288818,2
233,0,0,11,8,0.32846763730049133,0.8187087178230286,1
234,10,22,20,18,0.46352434158325195,0.7719714045524597,16
234,9,20,20,14,0.3527030348777771,0.7806684970855713,17
234,3,4,20,18,0.35726067423820496,0.8648326396942139,5
234,3,4,20,18,0.35995009541511536,0.8635632395744324,6
234,15,27,27,21,0.5120241641998291,0.9023349285125732,20
234,5,18,22,13,0.2195359766483307,0.6087509989738464,14
234,0,1,17,15,0.2198966145515442,0.5457292795181274,5
234,0,1,17,15,0.22868219017982483,0.5471340417861938,5
235,6,7,11,10,0.43102532625198364,0.7538446187973022,8
235,2,21,8,7,0.3817514479160309,0.7840659618377686,5
235,7,20,28,27,0.39964163303375244,0.9180843830108643,9
235,7,20,29,28,0.3951601982116699,0.9180652499198914,9
235,11,24,22,16,0.40583956241607666,0.8735984563827515,20
235,5,11,12,9,0.26393207907676697,0.717754065990448,11
235,6,14,27,26,0.18237659335136414,0.6418806314468384,10
235,7,14,27,26,0.17816022038459778,0.6302967071533203,9
236,0,2,1,1,0.41671115159988403,0.7500842213630676,1
236,4,45,13,13,0.5077141523361206,0.8674134612083435,4
236,5,10,9,8,0.5167112350463867,0.912798285484314,7
236,5,11,9,8,0.5180085897445679,0.9140111804008484,6
236,0,2,1,1,0.3812435269355774,0.8230077624320984,0
236,2,19,12,12,0.41610652208328247,0.8617494106292725,2
236,4,7,12,11,0.4460600018501282,0.9125764966011047,7
236,4,8,12,11,0.44176775217056274,0.9138181805610657,6
237,0,0,3,2,0.4814927279949188,0.8448120951652527,1
237,15,33,15,11,0.5104554891586304,0.9180815815925598,22
237,0,6,6,4,0.39284980297088623,0.6938917636871338,4
237,1,7,8,6,0.38911172747612,0.6856743097305298,5
237,0,4,11,6,0.5536102652549744,0.8868914246559143,6
237,23,44,36,28,0.5413073301315308,0.941791296005249,39
237,0,4,6,4,0.3087897002696991,0.5571402311325073,2
237,0,5,8,6,0.30285710096359253,0.549740195274353,2
238,0,1,4,2,0.4839642643928528,0.7395799160003662,3
238,17,24,36,25,0.5091511011123657,0.8971786499023438,30
238,0,2,10,6,0.34639841318130493,0.5850174427032471,4
238,0,1,13,9,0.34495094418525696,0.5813514590263367,2
238,0,3,10,3,0.4561789631843567,0.761626660823822,5
238,9,26,43,23,0.5402418375015259,0.9538235068321228,31
238,0,1,8,4,0.2732899487018585,0.5738093256950378,3
238,0,0,6,3,0.25932493805885315,0.5363993048667908,2
239,0,0,0,0,0.6012526750564575,0.8468444347381592,0
239,4,8,3,3,0.442420095205307,0.8424457311630249,6
239,0,0,2,2,0.44990527629852295,0.762001633644104,0
239,0,0,3,3,0.4524952471256256,0.7713916897773743,0
239,0,0,0,0,0.571670651435852,0.9291905164718628,0
239,0,2,3,1,0.34502625465393066,0.8621764779090881,1
239,0,0,1,1,0.2699243426322937,0.5607256293296814,0
239,0,0,1,1,0.2686728239059448,0.5523112416267395,0
240,0,0,0,0,0.6179236173629761,0.8907279372215271,0
240,3,6,1,1,0.5144689083099365,0.888776957988739,3
240,0,1,1,1,0.5044055581092834,0.7978562712669373,1
240,0,2,1,1,0.512502133846283,0.8018133044242859,1
240,0,0,0,0,0.6193950176239014,0.9503747820854187,0
240,0,1,1,0,0.3825419247150421,0.8820729851722717,1
240,0,0,0,0,0.29676708579063416,0.6625232696533203,1
240,0,1,0,0,0.3019896149635315,0.6761562824249268,1
241,0,0,0,0,0.6450377106666565,0.9257606863975525,0
241,2,6,1,0,0.5915851593017578,0.9050182104110718,3
241,0,0,0,0,0.6365672945976257,0.9145234227180481,0
241,0,0,0,0,0.6338205337524414,0.9093497395515442,0
241,0,0,0,0,0.6131201982498169,0.900269091129303,0
241,1,3,3,2,0.48563888669013977,0.8383057713508606,2
241,0,0,0,0,0.5251332521438599,0.8413140177726746,0
241,0,0,0,0,0.525202751159668,0.833138108253479,0
242,0,0,0,0,0.5984228849411011,0.8809288144111633,0
242,2,4,3,2,0.5758941173553467,0.9370418190956116,4
242,0,0,0,0,0.6368834376335144,0.9365573525428772,0
242,0,0,0,0,0.6325335502624512,0.927096962928772,0
242,0,0,0,0,0.4657740592956543,0.7974684834480286,0
242,0,3,5,2,0.4751450717449188,0.8416327238082886,3
242,0,0,0,0,0.5426322221755981,0.8431742191314697,0
242,0,0,0,0,0.539695143699646,0.8283531665802002,0
243,0,0,0,0,0.5748153924942017,0.8136548399925232,0
243,2,2,0,0,0.6417934894561768,0.933552622795105,2
243,2,6,0,0,0.6365278959274292,0.9105938076972961,2
243,2,6,0,0,0.6373424530029297,0.9247581958770752,2
243,0,0,0,0,0.5072402954101562,0.7764645218849182,0
243,0,0,0,0,0.5023779273033142,0.8649862408638,0
243,0,0,0,0,0.4981287717819214,0.8675290942192078,0
243,0,0,0,0,0.4886227250099182,0.8456316590309143,0
244,0,0,0,0,0.627422034740448,0.9330956339836121,0
244,0,3,1,0,0.6390166282653809,0.9619260430335999,0
244,1,2,0,0,0.5928359031677246,0.9080836176872253,1
244,1,3,0,0,0.5732905268669128,0.8922384977340698,1
244,0,0,0,0,0.555776834487915,0.9001789689064026,0
244,0,0,0,0,0.48988720774650574,0.9020671248435974,0
244,0,0,0,0,0.5050143003463745,0.8421491980552673,0
244,0,1,0,0,0.48725616931915283,0.8333771824836731,0
245,0,0,0,0,0.6160004734992981,0.9398901462554932,0
245,2,8,1,0,0.6214402318000793,0.9389222264289856,3
245,2,4,0,0,0.5370063781738281,0.891282320022583,2
245,3,6,0,0,0.5229108333587646,0.8820216655731201,3
245,0,0,0,0,0.5220032930374146,0.8838509321212769,0
245,0,0,0,0,0.48127543926239014,0.9087440371513367,0
245,0,0,0,0,0.43231916427612305,0.8315654993057251,0
245,0,0,0,0,0.4121609926223755,0.8024351000785828,0
246,0,0,0,0,0.2705913186073303,0.9039862751960754,1
246,2,4,2,2,0.19081038236618042,0.7321475744247437,4
246,10,26,7,5,0.1815659999847412,0.709500253200531,15
246,8,26,7,5,0.1802973449230194,0.7073037624359131,11
246,7,14,22,18,0.20664116740226746,0.7072158455848694,13
246,8,15,21,18,0.2623771131038666,0.7322917580604553,13
246,13,42,24,15,0.2675206661224365,0.7095372080802917,27
246,13,42,20,10,0.2702207565307617,0.7073470950126648,28
247,0,7,7,0,0.25476977229118347,0.6000245809555054,7
247,16,43,43,28,0.32076704502105713,0.6698797345161438,30
247,16,34,47,31,0.5078981518745422,0.9528502821922302,37
247,13,32,44,29,0.5149386525154114,0.953337550163269,34
247,0,2,3,0,0.10807423293590546,0.3982958197593689,2
247,0,3,10,3,0.11438389122486115,0.5255560278892517,7
247,3,6,18,11,0.29047638177871704,0.9002619981765747,15
247,3,6,19,12,0.3003750741481781,0.9007217884063721,12
248,4,20,10,7,0.18022054433822632,0.4732261300086975,6
248,4,13,14,7,0.3732874393463135,0.8838253021240234,11
248,19,60,24,15,0.43518561124801636,0.9462772607803345,26
248,16,62,25,16,0.44659900665283203,0.9519010186195374,25
248,1,7,3,1,0.08410545438528061,0.26476556062698364,2
248,0,2,3,0,0.13888581097126007,0.5233644843101501,3
248,0,3,3,0,0.13229310512542725,0.49097391963005066,4
248,0,3,4,1,0.13791784644126892,0.5011123418807983,4
249,3,14,10,5,0.19494399428367615,0.5511747598648071,11
249,5,25,31,15,0.3774833679199219,0.851835310459137,22
249,10,26,19,16,0.4026147127151489,0.9333623051643372,19
249,12,30,20,17,0.40932780504226685,0.9341740012168884,21
249,2,5,4,2,0.07802916318178177,0.28766608238220215,6
249,0,6,10,2,0.11630237847566605,0.5287859439849854,9
249,0,2,5,2,0.17888665199279785,0.7401484251022339,2
249,0,5,6,3,0.20107577741146088,0.7704210877418518,2
250,2,11,11,5,0.2322140783071518,0.5465667843818665,9
250,10,31,31,20,0.25915396213531494,0.6656425595283508,28
250,4,27,27,16,0.43167799711227417,0.9554911851882935,21
250,5,26,27,16,0.44028571248054504,0.9555502533912659,21
250,0,0,2,0,0.07374093681573868,0.32234975695610046,3
250,0,2,8,2,0.10688388347625732,0.3952123522758484,9
250,0,6,14,7,0.18179194629192352,0.8095790147781372,11
250,0,6,14,7,0.1895025372505188,0.8154703974723816,11
251,12,40,35,25,0.36017221212387085,0.7508656978607178,21
251,9,36,23,13,0.4093095064163208,0.8098110556602478,23
251,9,27,30,21,0.44318702816963196,0.9695438146591187,19
251,12,30,31,22,0.44565802812576294,0.9695467948913574,22
251,1,5,11,8,0.18561983108520508,0.622622013092041,6
251,0,3,6,0,0.2005384862422943,0.6391581892967224,6
251,2,6,13,7,0.15799783170223236,0.6911431550979614,8
251,3,8,14,8,0.1626436710357666,0.7117085456848145,9
252,7,17,18,12,0.2385488599538803,0.628794252872467,15
252,6,23,18,11,0.3082752823829651,0.7129167914390564,21
252,8,28,25,12,0.46571850776672363,0.9659637808799744,24
252,8,31,23,11,0.47456997632980347,0.9699131846427917,22
252,2,4,16,15,0.12603269517421722,0.42016085982322693,4
252,0,1,2,0,0.23208338022232056,0.613994300365448,6
252,0,1,3,0,0.251167356967926,0.8070005178451538,5
252,0,2,3,0,0.2463895082473755,0.8059462308883667,6
253,9,18,24,17,0.23096701502799988,0.5716237425804138,19
253,10,26,29,18,0.316668838262558,0.7671507596969604,24
253,10,21,28,20,0.4267180263996124,0.925169825553894,24
253,9,20,30,21,0.43044209480285645,0.9251962304115295,24
253,0,0,2,2,0.09540066868066788,0.28826242685317993,0
253,0,1,4,0,0.22441913187503815,0.8182520270347595,6
253,0,0,2,0,0.1730109006166458,0.7554900050163269,3
253,0,1,1,0,0.1586655080318451,0.7154952883720398,4
254,9,41,23,16,0.31089943647384644,0.7381535172462463,20
254,8,28,27,18,0.3717480003833771,0.8980860114097595,26
254,7,16,29,20,0.39882487058639526,0.9525514841079712,22
254,8,14,28,20,0.39535948634147644,0.9469888210296631,20
254,0,1,3,1,0.13940691947937012,0.42515644431114197,2
254,0,0,2,0,0.13033427298069,0.5418651700019836,2
254,0,0,2,0,0.11926189064979553,0.49405208230018616,2
254,0,1,2,1,0.12051212787628174,0.49473920464515686,2
255,12,56,32,21,0.3705083727836609,0.7645683884620667,23
255,12,33,28,15,0.4757640063762665,0.9354302287101746,25
255,9,20,23,12,0.4415209889411926,0.9515916705131531,20
255,7,18,21,12,0.42078500986099243,0.9394024014472961,17
255,0,1,6,3,0.18974176049232483,0.6130653023719788,5
255,2,7,14,5,0.22510549426078796,0.8561711311340332,13
255,4,10,16,7,0.21534644067287445,0.8628037571907043,13
255,3,10,14,7,0.19932419061660767,0.822456419467926,13
256,7,36,22,15,0.3068118691444397,0.8149998784065247,16
256,8,24,27,15,0.37237176299095154,0.9559645056724548,18
256,6,18,14,6,0.3602815866470337,0.8444029092788696,14
256,6,20,13,5,0.36232301592826843,0.8369576334953308,15
256,0,1,3,0,0.10883975774049759,0.44824039936065674,2
256,0,1,4,2,0.07611973583698273,0.30200693011283875,2
256,1,3,4,0,0.09719380736351013,0.441209614276886,5
256,1,4,5,0,0.10475356876850128,0.49391981959342957,7
257,4,17,23,12,0.3617478013038635,0.8404927849769592,18
257,8,35,22,10,0.35679155588150024,0.8213911056518555,21
257,15,51,37,24,0.4061923623085022,0.9421780705451965,32
257,11,47,35,24,0.4070172607898712,0.9474135041236877,26
257,1,2,11,5,0.11734183877706528,0.5565897822380066,7
257,0,5,10,2,0.13067449629306793,0.5915469527244568,8
257,3,12,31,17,0.2682984471321106,0.9110354781150818,18
257,3,14,30,17,0.2870316803455353,0.9210734963417053,17
258,0,11,10,0,0.38648417592048645,0.8134392499923706,10
258,12,32,37,24,0.4491170644760132,0.9258943796157837,29
258,4,8,16,11,0.3485754430294037,0.8845000863075256,10
258,2,6,8,5,0.34276410937309265,0.8686397671699524,7
258,0,7,8,0,0.20455047488212585,0.7186592221260071,7
258,5,14,21,11,0.23061060905456543,0.8738334774971008,17
258,4,18,28,12,0.3877299427986145,0.8778989911079407,21
258,2,16,21,7,0.3992738425731659,0.8768066763877869,19
259,12,38,43,33,0.30618607997894287,0.8234267234802246,27
259,9,22,29,17,0.42329296469688416,0.8626413941383362,23
259,4,8,11,5,0.4652188718318939,0.8734005093574524,12
259,4,8,11,5,0.4722588360309601,0.8985357880592346,12
259,0,0,0,0,0.08803950250148773,0.34058329463005066,2
259,10,17,26,15,0.31112751364707947,0.7597803473472595,21
259,1,5,10,3,0.3038136661052704,0.7646185755729675,13
259,1,5,10,3,0.3007773756980896,0.772524893283844,13
260,6,24,28,16,0.39740002155303955,0.8648012280464172,21
260,11,19,20,13,0.4335636794567108,0.8237249851226807,20
260,6,19,28,14,0.3980570435523987,0.9309907555580139,21
260,4,20,27,13,0.40202566981315613,0.9422829747200012,18
260,1,2,12,7,0.21511773765087128,0.6693504452705383,16
260,2,4,10,4,0.2847822606563568,0.7282195687294006,11
260,0,1,3,0,0.17003054916858673,0.6943740844726562,5
260,0,1,3,0,0.16294324398040771,0.681840717792511,5
261,10,31,20,10,0.361765593290329,0.8918240666389465,22
261,9,26,26,12,0.4715437591075897,0.9627233147621155,26
261,2,8,10,2,0.34017494320869446,0.8237637281417847,12
261,0,7,8,2,0.322760671377182,0.7867027521133423,10
261,1,3,4,1,0.16645050048828125,0.7948201298713684,6
261,0,1,7,3,0.18235903978347778,0.814482569694519,7
261,0,0,2,1,0.11566101014614105,0.5145368576049805,6
261,0,0,4,3,0.10959096252918243,0.4732304513454437,8
262,9,53,24,9,0.2642424404621124,0.6614224314689636,23
262,7,30,32,19,0.41485315561294556,0.9677208065986633,23
262,5,11,15,6,0.3890775442123413,0.9332296252250671,16
262,6,13,14,6,0.3795190155506134,0.9205169677734375,16
262,0,3,5,1,0.10944797843694687,0.41803839802742004,4
262,0,1,4,1,0.11448106169700623,0.5574127435684204,5
262,0,1,3,0,0.14906452596187592,0.5930725932121277,4
262,0,2,3,0,0.14907315373420715,0.5846188068389893,4
263,8,56,36,19,0.30337393283843994,0.6355141401290894,29
263,9,22,31,22,0.38772818446159363,0.9124813079833984,21
263,6,14,20,9,0.38220450282096863,0.8308523297309875,18
263,7,15,20,9,0.38173654675483704,0.8079735636711121,17
263,2,7,10,6,0.12767794728279114,0.4559182822704315,7
263,4,7,12,8,0.13162778317928314,0.6215946078300476,10
263,2,7,13,6,0.18831156194210052,0.7626022100448608,11
263,3,8,13,6,0.1931474804878235,0.7707748413085938,12
264,6,14,23,21,0.3687071204185486,0.7520894408226013,9
264,10,33,30,20,0.30084070563316345,0.7813960909843445,24
264,8,27,44,28,0.47350454330444336,0.9166267514228821,25
264,5,22,43,28,0.46965062618255615,0.9250786900520325,23
264,4,6,12,10,0.2593006491661072,0.7011615037918091,9
264,0,3,4,0,0.17275720834732056,0.6428367495536804,4
264,3,18,31,12,0.3527752161026001,0.9154946208000183,21
264,3,18,31,12,0.36816224455833435,0.940102756023407,21
265,4,7,14,9,0.3540855944156647,0.6961796879768372,10
265,2,9,16,7,0.255629301071167,0.6496450901031494,14
265,6,18,42,32,0.4878113269805908,0.9141396284103394,15
265,4,16,43,33,0.4876234531402588,0.9141395688056946,14
265,2,2,8,6,0.2144748419523239,0.5269968509674072,4
265,0,1,3,1,0.1582869589328766,0.5597727298736572,2
265,5,12,24,16,0.3513016700744629,0.9154640436172485,13
265,4,12,24,16,0.36514487862586975,0.9277808666229248,13
266,2,6,14,12,0.33212345838546753,0.7541025280952454,6
266,4,23,14,8,0.23386014997959137,0.6075922846794128,16
266,9,19,21,17,0.5030276775360107,0.9560898542404175,14
266,8,19,22,18,0.5199997425079346,0.9607619047164917,12
266,1,3,9,7,0.18352656066417694,0.6200998425483704,5
266,0,1,1,0,0.12165706604719162,0.5132677555084229,1
266,1,3,18,12,0.30858534574508667,0.940217137336731,10
266,2,6,19,13,0.32628363370895386,0.946398913860321,11
267,2,10,7,4,0.5055133700370789,0.8877843022346497,6
267,16,41,26,20,0.3979172110557556,0.8784002065658569,25
267,2,14,19,13,0.5644116997718811,0.9121052622795105,5
267,3,13,22,16,0.5726568698883057,0.9201598763465881,7
267,1,4,3,1,0.34773290157318115,0.8039705157279968,4
267,1,4,5,2,0.20661740005016327,0.6414857506752014,7
267,0,9,17,10,0.4819031357765198,0.8524664640426636,4
267,1,10,20,13,0.5038795471191406,0.8681248426437378,8
268,3,8,21,15,0.5046226382255554,0.8687053918838501,10
268,13,33,41,34,0.3964551091194153,0.8869536519050598,21
268,5,19,27,19,0.5586096048355103,0.9386284351348877,14
268,4,18,24,17,0.5569949746131897,0.9364112615585327,13
268,1,4,19,13,0.3670419752597809,0.8276852965354919,6
268,4,5,18,12,0.20031560957431793,0.6999767422676086,13
268,5,19,24,18,0.49244004487991333,0.910221517086029,14
268,5,19,23,18,0.5063962936401367,0.911930501461029,13
269,3,18,13,7,0.46329158544540405,0.8580496907234192,7
269,7,70,39,28,0.3219020664691925,0.6799359321594238,29
269,3,25,32,24,0.4865298867225647,0.9083831906318665,16
269,3,24,32,24,0.49307700991630554,0.9152183532714844,15
269,2,5,11,6,0.2976953685283661,0.8303152322769165,7
269,4,9,20,13,0.20101752877235413,0.5864805579185486,15
269,2,18,40,31,0.4425204396247864,0.9082927703857422,12
269,2,19,40,31,0.4625464081764221,0.9148352146148682,12
270,7,38,23,16,0.4774830639362335,0.785679280757904,18
270,12,63,25,15,0.35124722123146057,0.7507991194725037,24
270,3,18,13,5,0.4700509011745453,0.8843603730201721,13
270,2,18,16,8,0.47436803579330444,0.8798938989639282,12
270,3,18,20,13,0.3409506678581238,0.8038097620010376,11
270,0,7,14,6,0.18100784718990326,0.5604823231697083,9
270,1,10,20,7,0.35052016377449036,0.893412709236145,11
270,1,11,23,10,0.3618762493133545,0.8951696157455444,13
271,10,33,32,20,0.45409533381462097,0.8430762887001038,24
271,14,50,29,20,0.3205031752586365,0.8083683848381042,21
271,6,18,14,12,0.46131467819213867,0.8075501918792725,12
271,6,21,14,12,0.4703221321105957,0.8108908534049988,11
271,4,24,27,15,0.3324428200721741,0.880740761756897,20
271,0,3,3,0,0.14806465804576874,0.634778618812561,5
271,2,9,20,13,0.3296600878238678,0.6545104384422302,12
271,2,12,20,13,0.34438809752464294,0.666018009185791,14
272,4,20,29,21,0.3907783329486847,0.7933593988418579,14
272,14,59,28,17,0.3011470139026642,0.6736103296279907,29
272,7,16,21,13,0.3923998177051544,0.8333621025085449,16
272,6,18,21,13,0.39562758803367615,0.8350743055343628,17
272,3,18,39,26,0.25894349813461304,0.8087078332901001,18
272,3,13,21,10,0.1966935098171234,0.6063918471336365,16
272,3,10,22,13,0.4617319703102112,0.8875452876091003,14
272,4,11,20,11,0.47350651025772095,0.8941552042961121,15
273,3,13,19,11,0.45626264810562134,0.8374156951904297,13
273,10,62,30,17,0.3821485936641693,0.8384862542152405,21
273,0,4,5,2,0.33018413186073303,0.7637695670127869,3
273,0,3,4,0,0.3261055052280426,0.7618538737297058,4
273,3,17,24,12,0.36037343740463257,0.8952863216400146,15
273,1,9,15,7,0.20766602456569672,0.760916531085968,11
273,0,6,8,3,0.3047064542770386,0.7375771403312683,5
273,0,5,8,2,0.307506799697876,0.7397288084030151,5
274,0,11,11,3,0.5021399855613708,0.8788778781890869,8
274,10,45,42,27,0.4267803132534027,0.878970742225647,26
274,1,5,15,11,0.3913506865501404,0.8190742135047913,6
274,0,3,12,8,0.38561779260635376,0.8082789778709412,5
274,0,13,14,4,0.32965174317359924,0.8624717593193054,10
274,3,15,28,14,0.24854843318462372,0.8103421926498413,21
274,2,8,17,10,0.473470538854599,0.8706643581390381,9
274,1,6,15,8,0.48163580894470215,0.8661438822746277,7
275,4,19,22,13,0.4386318027973175,0.8296430706977844,16
275,17,46,36,24,0.33697813749313354,0.742577314376831,35
275,2,7,12,7,0.33213287591934204,0.711104154586792,8
275,1,4,11,7,0.3254276216030121,0.7117469906806946,8
275,4,22,25,14,0.30795758962631226,0.8197969198226929,20
275,4,13,23,13,0.18236100673675537,0.6868955492973328,18
275,2,9,16,9,0.3781590759754181,0.863572359085083,10
275,1,7,15,9,0.3830130100250244,0.863572359085083,9
276,1,14,11,4,0.48452597856521606,0.8452348113059998,9
276,17,62,23,15,0.39927294850349426,0.8140368461608887,28
276,3,8,5,3,0.3631683886051178,0.6999024152755737,6
276,1,5,4,2,0.3601289987564087,0.703295111656189,5
276,1,16,16,4,0.3638021945953369,0.8319011330604553,13
276,3,12,15,8,0.2268529236316681,0.7437168955802917,12
276,2,10,9,4,0.3559267222881317,0.797995924949646,7
276,1,8,8,3,0.3616214990615845,0.8025128841400146,6
277,2,8,10,7,0.41472113132476807,0.7738820910453796,8
277,13,44,33,25,0.31707823276519775,0.6151253581047058,24
277,3,7,15,12,0.3252587616443634,0.6740368008613586,9
277,3,6,13,10,0.3257501721382141,0.679190993309021,6
277,1,12,15,8,0.4010153114795685,0.9346614480018616,10
277,8,19,32,20,0.21225744485855103,0.5878143906593323,22
277,3,8,18,15,0.3255637586116791,0.6742491126060486,8
277,3,9,16,13,0.3300445079803467,0.6728169322013855,7
278,2,7,10,4,0.502752423286438,0.8921682238578796,8
278,4,27,19,9,0.41794833540916443,0.8067722320556641,17
278,2,6,4,2,0.406513512134552,0.8433215618133545,6
278,1,5,4,2,0.3994370698928833,0.8392581939697266,5
278,3,13,14,4,0.4468816816806793,0.8853238224983215,17
278,1,15,18,5,0.263700395822525,0.7094019651412964,14
278,1,7,5,1,0.3426056206226349,0.7579229474067688,6
278,1,7,5,1,0.34712374210357666,0.7563169002532959,7
279,2,11,6,5,0.4303371012210846,0.8452281951904297,7
279,14,49,30,21,0.4034343659877777,0.8461472392082214,27
279,4,11,10,6,0.4158129096031189,0.8363307118415833,9
279,2,8,8,4,0.41124188899993896,0.8305093050003052,8
279,1,13,12,6,0.36353185772895813,0.9123651385307312,9
279,7,23,18,9,0.2522512972354889,0.8070734739303589,18
279,0,8,8,3,0.37517309188842773,0.7842906713485718,2
279,0,7,8,3,0.3755553960800171,0.7740294337272644,3
280,4,8,12,8,0.43343961238861084,0.7538623809814453,8
280,12,41,27,16,0.36996960639953613,0.705296516418457,28
280,4,14,25,17,0.4038347601890564,0.8060307502746582,12
280,5,12,24,16,0.3979285955429077,0.8030881881713867,13
280,4,9,14,9,0.3282128572463989,0.834582507610321,10
280,5,15,20,9,0.27300459146499634,0.74726402759552,18
280,5,15,29,18,0.38626134395599365,0.8258642554283142,17
280,3,14,28,17,0.384048193693161,0.8247548937797546,16
281,2,6,9,7,0.32399463653564453,0.5631043314933777,9
281,9,45,21,9,0.35491541028022766,0.647354245185852,27
281,0,14,31,21,0.4283214211463928,0.8972771763801575,16
281,1,14,31,21,0.43376344442367554,0.9025682210922241,12
281,3,8,9,6,0.20621225237846375,0.45698824524879456,8
281,2,10,11,3,0.2032218873500824,0.5794973969459534,11
281,0,7,30,18,0.3787831962108612,0.9242523312568665,14
281,0,10,30,18,0.39861398935317993,0.9336495399475098,13
282,0,0,0,0,0.4210037291049957,0.7787160277366638,0
282,0,0,0,0,0.296639084815979,0.643952488899231,0
282,1,1,0,0,0.3339478373527527,0.8550231456756592,1
282,0,0,0,0,0.2964024841785431,0.6977174282073975,0
282,0,0,0,0,0.39015257358551025,0.769203782081604,0
282,0,0,0,0,0.28409019112586975,0.783962607383728,0
282,0,0,0,0,0.19531452655792236,0.7813678979873657,0
282,0,2,3,1,0.49438872933387756,0.9773563146591187,2
282,0,0,0,0,0.18436409533023834,0.6387555003166199,0
282,0,1,1,0,0.22060710191726685,0.7501233220100403,1
282,0,0,0,0,0.19002898037433624,0.6909534335136414,0
282,0,0,0,0,0.2390911877155304,0.8141384720802307,0
282,2,3,3,1,0.505841851234436,0.9724755883216858,4
282,0,0,0,0,0.222712904214859,0.7189565896987915,0
282,0,1,1,0,0.18619966506958008,0.7319055795669556,1
283,0,0,0,0,0.46282172203063965,0.7313937544822693,0
283,3,7,1,0,0.31915220618247986,0.6722575426101685,4
283,2,7,2,0,0.40248802304267883,0.9257192611694336,6
283,0,0,0,0,0.367005318403244,0.7347412705421448,1
283,0,0,0,0,0.37817758321762085,0.7069552540779114,0
283,0,0,0,0,0.5114794373512268,0.8902680277824402,0
283,0,0,0,0,0.15609902143478394,0.6507531404495239,0
283,0,0,0,0,0.21930064260959625,0.8580936789512634,0
283,0,0,0,0,0.4348556101322174,0.931635320186615,0
283,0,0,0,0,0.34577929973602295,0.8061285614967346,0
283,0,0,0,0,0.4390808641910553,0.8858495950698853,0
283,0,0,0,0,0.11578277498483658,0.5050345063209534,0
283,0,0,0,0,0.16335463523864746,0.6958335041999817,0
283,0,0,0,0,0.4277760684490204,0.9637165069580078,0
283,0,0,0,0,0.41987061500549316,0.9128420948982239,0
284,0,0,0,0,0.47411778569221497,0.7508140802383423,0
284,0,0,0,0,0.4627067446708679,0.7749878764152527,0
284,2,8,1,0,0.29139259457588196,0.7987721562385559,3
284,0,0,0,0,0.4025275707244873,0.9304964542388916,0
284,0,0,0,0,0.3446466028690338,0.7508941888809204,0
284,0,0,0,0,0.6188614964485168,0.9127424359321594,0
284,0,0,0,0,0.3112364113330841,0.8789829611778259,0
284,0,0,0,0,0.1085171028971672,0.41204243898391724,0
284,0,0,1,1,0.4074333608150482,0.9481995701789856,0
284,0,0,1,1,0.44623395800590515,0.9328241944313049,0
284,0,0,0,0,0.5397933721542358,0.9217877984046936,0
284,0,0,0,0,0.19786536693572998,0.8039426803588867,0
284,0,0,0,0,0.10229797661304474,0.45310845971107483,0
284,0,0,1,1,0.3545650839805603,0.9472403526306152,0
284,0,0,1,1,0.4399377405643463,0.9565343260765076,0
285,0,0,0,0,0.5219758749008179,0.8120947480201721,0
285,0,0,0,0,0.44505172967910767,0.7899470925331116,0
285,1,3,4,1,0.28240206837654114,0.726349949836731,3
285,0,1,1,0,0.4164694845676422,0.9216344356536865,1
285,0,0,0,0,0.39846599102020264,0.8896576762199402,1
285,0,0,0,0,0.5076510906219482,0.8620160818099976,0
285,0,0,0,0,0.19989991188049316,0.7785059809684753,0
285,0,0,0,0,0.11236390471458435,0.5435063242912292,1
285,0,0,0,0,0.29796460270881653,0.9495557546615601,0
285,0,0,0,0,0.4273329973220825,0.9796655178070068,0
285,0,0,0,0,0.3746539354324341,0.8511462211608887,0
285,0,0,0,0,0.12913046777248383,0.6089707612991333,0
285,0,0,0,0,0.08928871899843216,0.4243693947792053,0
285,0,0,0,0,0.21005171537399292,0.8320671916007996,0
285,0,0,0,0,0.3290635645389557,0.9576840996742249,0
286,7,10,17,13,0.38119110465049744,0.6796610951423645,13
286,10,31,39,31,0.3719622790813446,0.8512941598892212,27
286,0,2,5,4,0.5824294090270996,0.8941798210144043,5
286,0,0,4,4,0.582182765007019,0.8913817405700684,2
286,4,9,16,9,0.288673460483551,0.6312308311462402,12
286,2,8,18,11,0.19757243990898132,0.6127045750617981,16
286,0,3,10,6,0.5451295375823975,0.9450471997261047,5
286,0,3,9,6,0.5655666589736938,0.9568135142326355,5
287,4,7,12,10,0.35591888427734375,0.7083709836006165,11
287,15,29,23,15,0.2981764078140259,0.6896811723709106,32
287,1,6,7,4,0.42912906408309937,0.7914021015167236,6
287,0,3,6,4,0.42780745029449463,0.7913928627967834,5
287,1,7,16,10,0.306938111782074,0.7905996441841125,10
287,0,4,8,4,0.12314635515213013,0.4882308840751648,11
287,0,5,10,5,0.38126981258392334,0.8453461527824402,5
287,0,4,9,5,0.3920127749443054,0.8468387722969055,6
288,1,7,13,7,0.40447866916656494,0.7235559225082397,11
288,13,27,25,13,0.32910802960395813,0.7549681067466736,28
288,0,3,3,0,0.41136452555656433,0.8751950263977051,3
288,0,2,2,0,0.40693458914756775,0.8711079359054565,2
288,1,7,16,9,0.30575788021087646,0.6969801783561707,9
288,0,3,10,2,0.1724890023469925,0.7030200362205505,7
288,0,6,9,1,0.40352219343185425,0.9256219267845154,7
288,0,5,9,2,0.4157039523124695,0.9245108962059021,9
289,0,7,10,5,0.44902294874191284,0.8416533470153809,7
289,9,67,37,23,0.35427233576774597,0.803336501121521,23
289,0,5,11,5,0.4802097678184509,0.8636935353279114,8
289,0,3,7,4,0.4829932749271393,0.8566225171089172,6
289,0,4,7,2,0.33274710178375244,0.805537760257721,6
289,1,4,9,3,0.18486225605010986,0.7535375952720642,10
289,0,6,11,3,0.38299351930618286,0.9038282632827759,9
289,0,4,9,3,0.3909704089164734,0.9004675149917603,9
290,10,23,23,17,0.19472260773181915,0.5189705491065979,20
290,7,16,14,7,0.3497422933578491,0.8318560123443604,17
290,1,5,11,9,0.5258883237838745,0.9375695586204529,7
290,3,7,10,8,0.525399923324585,0.9309304356575012,6
290,0,5,5,3,0.16924205422401428,0.6541492938995361,2
290,1,4,7,3,0.20342417061328888,0.6718849539756775,5
290,0,3,11,8,0.4383763074874878,0.9197182655334473,7
290,0,2,9,6,0.45074978470802307,0.9136812090873718,6
291,4,33,33,25,0.3401244580745697,0.7427936792373657,13
291,3,39,34,22,0.4008066952228546,0.8628528118133545,16
291,0,5,1,1,0.41491469740867615,0.859666109085083,0
291,0,2,1,1,0.40263551473617554,0.8486890196800232,0
291,0,9,12,7,0.2880023419857025,0.8690567016601562,6
291,0,6,14,7,0.29640308022499084,0.8321167230606079,10
291,0,0,3,1,0.4986352324485779,0.9003345966339111,4
291,0,0,3,1,0.4924251437187195,0.8950781226158142,2
292,2,12,20,13,0.3269021809101105,0.6925018429756165,8
292,7,40,36,25,0.30502018332481384,0.7044628262519836,19
292,1,2,6,5,0.4701242446899414,0.7989156246185303,2
292,1,2,1,1,0.455678790807724,0.7942978739738464,1
292,0,9,14,6,0.2563144862651825,0.7906327843666077,6
292,0,3,10,4,0.17610891163349152,0.595791220664978,7
292,4,7,20,16,0.4992511570453644,0.9362876415252686,7
292,3,7,15,13,0.5072916150093079,0.9406828284263611,4
293,3,5,15,12,0.3776274621486664,0.7498911023139954,7
293,13,43,34,29,0.37381675839424133,0.8154574632644653,23
293,0,0,2,2,0.422137975692749,0.8506267666816711,1
293,0,0,0,0,0.41648364067077637,0.8426852226257324,0
293,5,16,27,19,0.3915683925151825,0.8590110540390015,18
293,14,43,39,30,0.32730618119239807,0.7771933078765869,27
293,0,3,6,3,0.5259119272232056,0.8929657936096191,5
293,0,3,3,1,0.5257521271705627,0.9013963937759399,4
294,3,6,15,9,0.2997303903102875,0.642155110836029,9
294,10,42,29,21,0.3051159679889679,0.667695939540863,25
294,1,3,4,2,0.42000794410705566,0.9237717390060425,4
294,0,1,2,0,0.41921448707580566,0.9237976670265198,2
294,7,15,28,17,0.34004470705986023,0.7670987248420715,17
294,11,44,34,23,0.33691802620887756,0.7041749358177185,28
294,1,6,9,6,0.5234237909317017,0.930329442024231,6
294,0,3,7,4,0.5224102735519409,0.9303391575813293,5
295,8,19,22,14,0.32044562697410583,0.6700214147567749,15
295,4,18,10,7,0.3533667027950287,0.765824019908905,9
295,2,9,9,5,0.5035574436187744,0.9458116888999939,7
295,0,7,9,5,0.5011774301528931,0.9464173913002014,7
295,9,24,37,24,0.3569679260253906,0.6970383524894714,22
295,9,22,18,13,0.3536663055419922,0.7237987518310547,19
295,6,13,16,11,0.6057751178741455,0.953605055809021,12
295,3,10,10,6,0.6057606339454651,0.9537115097045898,11
296,0,8,8,1,0.3123050034046173,0.6653477549552917,6
296,0,1,2,1,0.35759860277175903,0.6886407136917114,1
296,2,6,15,11,0.4740085005760193,0.9421693682670593,6
296,3,7,14,11,0.487430214881897,0.9472793340682983,6
296,2,18,29,9,0.3179537057876587,0.7259048819541931,19
296,1,2,3,2,0.3182468116283417,0.6272194385528564,2
296,2,11,25,14,0.4531535506248474,0.9412311315536499,14
296,3,15,25,15,0.4783865511417389,0.9561418890953064,15
297,0,1,8,6,0.2634788155555725,0.5723702907562256,2
297,3,10,9,4,0.3215736150741577,0.6413288116455078,9
297,2,6,4,4,0.43759968876838684,0.8860189914703369,2
297,0,3,1,1,0.44403767585754395,0.8983896374702454,1
297,0,2,11,8,0.32542720437049866,0.7301162481307983,5
297,2,12,13,5,0.37941864132881165,0.8873712420463562,11
297,2,6,9,8,0.48738348484039307,0.8925585746765137,3
297,0,3,6,5,0.4920746088027954,0.8963989615440369,2
298,2,9,12,8,0.3643431067466736,0.846989631652832,6
298,0,1,1,0,0.4359295964241028,0.7538695931434631,1
298,0,1,2,1,0.3710286021232605,0.7348790764808655,1
298,0,2,4,3,0.36905547976493835,0.7474627494812012,2
298,0,4,9,5,0.34302228689193726,0.9099100232124329,4
298,0,2,1,0,0.2999909818172455,0.7431071996688843,0
298,0,0,1,0,0.18511614203453064,0.4554058909416199,1
298,0,0,0,0,0.1831602305173874,0.4342976212501526,1
299,0,6,2,2,0.44408828020095825,0.776291012763977,1
299,2,6,18,16,0.5807842016220093,0.9279041290283203,5
299,0,4,14,8,0.6325898766517639,0.9152685403823853,5
299,0,5,14,9,0.6227810382843018,0.9084538221359253,6
299,0,4,7,5,0.449118047952652,0.7986827492713928,0
299,2,9,15,9,0.49821844696998596,0.8887208104133606,6
299,0,8,27,19,0.5633516907691956,0.9083312153816223,9
299,2,11,29,21,0.5573424100875854,0.9096052050590515,8
300,3,10,21,20,0.4673921465873718,0.8603260517120361,7
300,3,12,29,20,0.46528229117393494,0.854714572429657,12
300,0,12,26,14,0.4072255790233612,0.8463706970214844,9
300,0,12,24,13,0.40199118852615356,0.8309931755065918,9
300,1,3,11,10,0.3475981056690216,0.6749033331871033,2
300,0,2,11,7,0.33904802799224854,0.7667827010154724,3
300,0,6,18,10,0.39495351910591125,0.8197605013847351,5
300,0,6,16,9,0.4060339033603668,0.8150953650474548,4
301,0,1,5,2,0.3724265396595001,0.8530327081680298,3
301,0,0,0,0,0.3513350784778595,0.77839595079422,0
301,2,4,10,7,0.4004712700843811,0.8801642060279846,3
301,2,6,11,8,0.41572117805480957,0.9021985530853271,3
301,0,8,7,4,0.34094738960266113,0.7913976311683655,4
301,0,3,0,0,0.19172687828540802,0.5417987108230591,0
301,1,5,5,4,0.3229984641075134,0.860368013381958,1
301,1,5,5,4,0.3426112234592438,0.8723393678665161,1
302,4,8,6,6,0.2515438497066498,0.7463092803955078,6
302,0,5,3,2,0.3011540472507477,0.8512458801269531,0
302,10,12,8,7,0.4452788829803467,0.8926478624343872,13
302,9,13,7,7,0.45113587379455566,0.8924665451049805,13
302,4,9,7,7,0.35908710956573486,0.8523352146148682,4
302,0,2,5,4,0.40248939394950867,0.8878077864646912,0
302,8,15,13,10,0.4709361791610718,0.9245713353157043,10
302,9,19,13,10,0.47537463903427124,0.9245712757110596,11
303,8,20,0,0,0.24542225897312164,0.7338528633117676,8
303,0,7,0,0,0.24535393714904785,0.7011721134185791,1
303,6,19,6,3,0.41822975873947144,0.8868887424468994,9
303,6,20,7,4,0.4315577447414398,0.8982234001159668,8
303,0,9,7,7,0.3446321487426758,0.8171301484107971,1
303,0,0,0,0,0.2992951273918152,0.7391273975372314,0
303,1,16,19,11,0.4304938316345215,0.927936851978302,6
303,2,17,21,13,0.44496849179267883,0.9352917075157166,7
304,7,12,18,15,0.33417993783950806,0.8552144169807434,10
304,1,6,8,4,0.3761175274848938,0.8299768567085266,7
304,1,12,10,8,0.37804850935935974,0.8424191474914551,4
304,1,11,9,7,0.38745272159576416,0.8519576191902161,3
304,1,5,6,5,0.2381628155708313,0.6817123889923096,3
304,0,1,0,0,0.32199522852897644,0.7399678230285645,0
304,0,9,2,2,0.23751181364059448,0.5680537223815918,0
304,0,10,2,2,0.24536500871181488,0.6254248023033142,0
305,3,17,15,10,0.46148523688316345,0.8779914975166321,6
305,2,15,3,3,0.27906090021133423,0.6554770469665527,2
305,1,14,2,2,0.44859665632247925,0.8685749173164368,2
305,1,13,2,2,0.46060842275619507,0.872530996799469,2
305,1,14,13,8,0.4368513524532318,0.9030196070671082,4
305,0,2,0,0,0.34608322381973267,0.7863079905509949,0
305,0,9,1,1,0.4093690514564514,0.8537755608558655,0
305,0,9,1,1,0.40507400035858154,0.8568156361579895,0
306,1,5,9,8,0.4321058988571167,0.6396340727806091,5
306,8,24,31,18,0.33348286151885986,0.7411741018295288,21
306,0,0,8,4,0.44730108976364136,0.959847092628479,2
306,0,0,4,1,0.45014336705207825,0.9717394709587097,0
306,0,1,3,1,0.5135360956192017,0.7698187828063965,3
306,3,6,13,5,0.2760195732116699,0.7215115427970886,11
306,0,1,7,3,0.42102691531181335,0.8627233505249023,1
306,0,0,5,2,0.4313116669654846,0.8904269337654114,1
307,2,5,14,11,0.49263083934783936,0.7509413957595825,6
307,7,24,26,15,0.3609095811843872,0.7940219044685364,19
307,0,1,4,3,0.3225182890892029,0.7982772588729858,1
307,0,0,1,1,0.3297829031944275,0.847902774810791,0
307,1,1,11,8,0.5444120168685913,0.820388913154602,3
307,3,10,20,10,0.3485976457595825,0.8306384682655334,9
307,0,2,7,5,0.43319615721702576,0.8743494749069214,1
307,0,1,5,4,0.4481567442417145,0.8979499936103821,0
308,3,5,18,12,0.5163015127182007,0.9126664996147156,13
308,3,17,27,18,0.36428579688072205,0.8674593567848206,13
308,0,0,6,6,0.21939575672149658,0.6740643382072449,0
308,0,0,3,3,0.2171117067337036,0.6569091081619263,0
308,5,12,34,24,0.4517873525619507,0.8140124678611755,15
308,2,11,30,21,0.3851267993450165,0.8050567507743835,9
308,0,2,8,6,0.3632984757423401,0.7896031141281128,1
308,0,0,5,3,0.35064443945884705,0.779373288154602,2
309,0,8,16,9,0.5379236936569214,0.8664917349815369,8
309,2,15,20,11,0.3068042993545532,0.7639526724815369,9
309,0,0,4,4,0.19265717267990112,0.5082741975784302,0
309,0,0,0,0,0.18669316172599792,0.4883235692977905,0
309,3,13,38,24,0.4478311538696289,0.8342105746269226,14
309,1,5,26,15,0.3179810643196106,0.8147794604301453,8
309,0,2,7,6,0.30468079447746277,0.8210817575454712,0
309,0,0,3,2,0.29420962929725647,0.8186821937561035,0
310,2,8,16,10,0.500160813331604,0.8861907720565796,4
310,2,15,26,16,0.3410995900630951,0.7953402996063232,9
310,0,0,3,3,0.23185506463050842,0.5695638060569763,1
310,0,0,2,2,0.2307625412940979,0.567803680896759,1
310,5,11,21,15,0.5351076722145081,0.9361584186553955,10
310,0,5,13,5,0.29523947834968567,0.8228528499603271,6
310,0,1,6,5,0.3130510747432709,0.6389857530593872,0
310,0,1,5,4,0.31968721747398376,0.6558805108070374,0
311,1,1,18,13,0.4298258423805237,0.8599169254302979,4
311,0,15,30,20,0.37279942631721497,0.8288707137107849,9
311,0,0,3,2,0.2302105724811554,0.6130757331848145,1
311,0,0,3,2,0.22916583716869354,0.6085060238838196,1
311,2,6,20,14,0.45852673053741455,0.9397606253623962,7
311,0,6,14,7,0.2988954484462738,0.898128867149353,5
311,0,1,7,5,0.3955097198486328,0.7674568891525269,1
311,0,0,7,5,0.4011901617050171,0.7652931213378906,2
312,1,2,17,14,0.5400267839431763,0.9064589738845825,4
312,2,22,18,15,0.4397461414337158,0.8668923377990723,7
312,0,0,2,1,0.2085449993610382,0.6587256789207458,0
312,0,0,0,0,0.18691015243530273,0.587704598903656,0
312,1,3,20,15,0.4421457350254059,0.9268457293510437,7
312,1,10,18,12,0.36866122484207153,0.8636309504508972,6
312,0,2,9,5,0.345211386680603,0.8364386558532715,0
312,0,1,7,4,0.3265255391597748,0.8162479400634766,0
313,0,0,5,3,0.4984716773033142,0.8671007752418518,2
313,5,19,18,12,0.37671202421188354,0.772175669670105,10
313,0,0,1,1,0.2746620178222656,0.6167458891868591,1
313,0,0,0,0,0.27126336097717285,0.6108183860778809,1
313,0,1,6,4,0.5125208497047424,0.9411770105361938,1
313,2,10,21,14,0.3913980722427368,0.8700371980667114,6
313,1,2,5,5,0.3671330511569977,0.7159307599067688,1
313,0,2,1,1,0.35957449674606323,0.7136481404304504,0
314,0,1,6,4,0.46089643239974976,0.7841029167175293,2
314,7,27,26,16,0.3945719003677368,0.7877288460731506,18
314,0,0,2,1,0.3214806616306305,0.7011305689811707,0
314,0,0,2,1,0.31834232807159424,0.6947337985038757,1
314,0,2,7,4,0.4973352551460266,0.9480361938476562,4
314,1,10,15,9,0.35374322533607483,0.8421320915222168,5
314,0,1,2,2,0.3398960530757904,0.6963697075843811,0
314,0,0,1,1,0.32722532749176025,0.6853283643722534,0
315,1,2,0,0,0.41145917773246765,0.7164449691772461,1
315,13,22,12,11,0.47657883167266846,0.7917017340660095,15
315,1,4,1,1,0.46517062187194824,0.820402204990387,1
315,0,3,1,1,0.4716654121875763,0.8206170201301575,1
315,0,3,3,2,0.46877342462539673,0.8625532984733582,0
315,3,14,14,11,0.49210336804389954,0.8930677175521851,6
315,0,3,3,3,0.4372912645339966,0.8322539925575256,0
315,0,3,3,3,0.42609214782714844,0.808702826499939,0
316,0,7,16,13,0.4068836271762848,0.8119609951972961,2
316,0,2,9,5,0.42689284682273865,0.853047251701355,4
316,1,3,13,12,0.31047528982162476,0.8771188855171204,3
316,0,3,12,11,0.29293718934059143,0.8670448660850525,2
316,0,7,10,9,0.34070613980293274,0.7488469481468201,0
316,1,4,4,3,0.2639767825603485,0.7134225368499756,1
316,0,1,3,2,0.23736199736595154,0.7376211881637573,2
316,0,3,4,3,0.2457139790058136,0.7705578804016113,1
317,0,0,4,3,0.48986947536468506,0.8955090045928955,1
317,10,28,36,20,0.41622957587242126,0.9283645153045654,35
317,0,1,6,4,0.38414740562438965,0.7018622159957886,1
317,0,1,5,4,0.386857807636261,0.7018393278121948,1
317,0,1,6,3,0.414772093296051,0.836098849773407,2
317,4,13,20,10,0.2887207865715027,0.7555150985717773,14
317,0,4,7,5,0.3022279143333435,0.5865375399589539,2
317,0,4,7,5,0.30687233805656433,0.5900539755821228,2
318,1,2,3,3,0.5560095310211182,0.915284276008606,2
318,8,31,44,29,0.4410969913005829,0.9432619214057922,27
318,0,1,8,6,0.4171190857887268,0.7556089758872986,3
318,0,1,7,6,0.43211629986763,0.7630907297134399,0
318,1,2,3,2,0.43981415033340454,0.8392592668533325,2
318,7,17,23,14,0.30720239877700806,0.7814731597900391,22
318,0,4,8,6,0.3386822044849396,0.6726482510566711,2
318,1,4,7,6,0.34723204374313354,0.6801780462265015,2
319,0,4,9,6,0.5585511922836304,0.9385111331939697,3
319,9,26,28,13,0.4039374589920044,0.8983006477355957,26
319,0,2,4,2,0.3629099726676941,0.7077369689941406,4
319,0,1,5,3,0.373206228017807,0.7134972214698792,2
319,0,3,7,3,0.4642152190208435,0.8545498847961426,4
319,3,14,19,6,0.32373908162117004,0.8484222888946533,16
319,0,2,7,4,0.31218335032463074,0.6392549276351929,5
319,0,1,7,5,0.3182831406593323,0.6211279630661011,3
320,1,3,3,2,0.5377463698387146,0.9199150204658508,5
320,6,33,23,9,0.41354823112487793,0.8650357127189636,23
320,0,2,2,0,0.2824486494064331,0.5753907561302185,4
320,0,2,2,0,0.2939620316028595,0.5971845984458923,3
320,0,3,5,3,0.48571640253067017,0.8701037764549255,4
320,1,12,19,6,0.32250702381134033,0.8503719568252563,16
320,0,4,6,2,0.2138514369726181,0.4736102223396301,6
320,0,3,6,2,0.22553297877311707,0.4862392246723175,5
321,1,6,7,6,0.5840103626251221,0.9673278331756592,4
321,7,26,27,20,0.43480682373046875,0.9039305448532104,18
321,1,1,2,2,0.29658231139183044,0.5674691200256348,1
321,0,0,2,2,0.2967365086078644,0.5758289694786072,1
321,0,1,3,0,0.5072485208511353,0.8907306790351868,3
321,1,9,14,5,0.3120288848876953,0.8368630409240723,8
321,0,4,9,4,0.1710873246192932,0.4075433015823364,5
321,0,3,11,6,0.17411214113235474,0.40698519349098206,5
322,2,3,7,6,0.5840804576873779,0.9485418200492859,6
322,2,35,26,18,0.3828311860561371,0.7889413833618164,14
322,2,13,7,5,0.2960829436779022,0.537522554397583,5
322,1,10,6,4,0.29668354988098145,0.5374375581741333,3
322,1,3,8,5,0.5387468934059143,0.9190163612365723,4
322,1,7,12,3,0.32119813561439514,0.7651954293251038,4
322,0,2,2,0,0.16874539852142334,0.4860748052597046,1
322,0,1,2,0,0.16601912677288055,0.47727978229522705,1
323,0,5,8,3,0.5343286991119385,0.9328896403312683,3
323,5,50,17,10,0.3632827699184418,0.8107783794403076,16
323,2,20,20,17,0.31971514225006104,0.6138967275619507,6
323,2,13,19,16,0.32142412662506104,0.6138967871665955,5
323,0,5,6,1,0.49922803044319153,0.9088302254676819,3
323,0,6,11,5,0.29483965039253235,0.7339634895324707,4
323,1,1,2,2,0.23416875302791595,0.4791847765445709,1
323,1,1,2,2,0.24199379980564117,0.49034056067466736,1
324,1,6,8,6,0.49397724866867065,0.9018860459327698,3
324,9,37,33,22,0.3700125515460968,0.8059817552566528,21
324,4,14,23,15,0.26176029443740845,0.7248284220695496,12
324,3,12,19,12,0.2629420757293701,0.7259778380393982,9
324,0,6,9,5,0.4358159005641937,0.8459585309028625,5
324,0,1,2,0,0.2309882640838623,0.7056252360343933,2
324,0,3,9,5,0.19272825121879578,0.5961755514144897,4
324,0,4,9,5,0.19875209033489227,0.5966135263442993,4
325,3,8,10,7,0.43819817900657654,0.9512926936149597,7
325,14,38,44,38,0.3826795816421509,0.8480473756790161,25
325,9,20,27,23,0.2680671811103821,0.5843034982681274,14
325,9,19,23,19,0.26787784695625305,0.592674195766449,14
325,0,0,1,0,0.2698969542980194,0.7462180852890015,0
325,2,3,8,7,0.20845875144004822,0.7638941407203674,6
325,2,4,8,4,0.1555270105600357,0.5376504063606262,9
325,2,5,7,3,0.1559852659702301,0.5485950708389282,5
326,3,3,10,10,0.46952301263809204,0.9536234140396118,4
326,16,35,56,47,0.38820111751556396,0.7706440091133118,30
326,12,35,40,33,0.2664526700973511,0.5842558145523071,19
326,12,35,38,32,0.2630543112754822,0.5849038362503052,19
326,3,5,13,11,0.3101108968257904,0.755801796913147,7
326,3,11,23,17,0.3094722330570221,0.7334254384040833,11
326,8,21,30,24,0.18876223266124725,0.5580077171325684,13
326,9,22,31,24,0.1788521409034729,0.5318834781646729,16
327,0,3,8,5,0.4491390585899353,0.9469046592712402,7
327,8,25,38,19,0.42307090759277344,0.829645574092865,30
327,11,31,60,49,0.2616194188594818,0.528302788734436,28
327,12,28,55,47,0.25176453590393066,0.522046685218811,29
327,0,6,15,11,0.3193123936653137,0.6541604399681091,4
327,2,10,28,15,0.33655521273612976,0.7314775586128235,15
327,18,33,50,45,0.21641340851783752,0.47296175360679626,22
327,20,33,51,46,0.21065329015254974,0.472934365272522,24
328,3,3,10,10,0.5857922434806824,0.9658480882644653,5
328,8,37,44,28,0.3960091471672058,0.8642999529838562,24
328,3,8,15,12,0.23034188151359558,0.5282942056655884,10
328,3,6,14,13,0.22415640950202942,0.4907163679599762,8
328,2,2,3,3,0.3605215847492218,0.733959436416626,5
328,2,10,13,5,0.30724385380744934,0.7592788338661194,9
328,1,7,18,16,0.22963646054267883,0.6258155703544617,7
328,0,8,19,18,0.2241673469543457,0.6059290766716003,6
329,0,2,16,9,0.6774505972862244,0.9681239724159241,8
329,5,32,34,18,0.3998669683933258,0.8968570232391357,24
329,3,13,16,11,0.24763306975364685,0.5709891319274902,10
329,1,8,14,10,0.24486038088798523,0.5407062768936157,6
329,0,0,7,7,0.447286456823349,0.8926049470901489,2
329,1,5,9,3,0.2792752981185913,0.7685918807983398,9
329,1,8,17,10,0.2033267468214035,0.5519603490829468,12
329,1,7,18,12,0.19452545046806335,0.5109055638313293,11
330,7,18,24,17,0.628703773021698,0.9578693509101868,16
330,8,29,41,27,0.40082991123199463,0.9099730849266052,27
330,3,10,14,9,0.2431921660900116,0.5722281336784363,11
330,3,10,14,10,0.24040290713310242,0.5385708808898926,11
330,0,3,9,6,0.42487847805023193,0.8582892417907715,3
330,2,8,16,9,0.2708587050437927,0.7666172385215759,11
330,2,10,18,11,0.21297040581703186,0.6370274424552917,16
330,1,10,18,12,0.2091023325920105,0.608940839767456,14
331,8,21,29,23,0.6129818558692932,0.9613766074180603,17
331,10,29,27,18,0.3517138957977295,0.864118218421936,24
331,2,2,11,9,0.17818304896354675,0.37953734397888184,4
331,2,2,10,9,0.1796501874923706,0.37694409489631653,5
331,3,11,27,22,0.5207189917564392,0.9092134237289429,11
331,4,9,17,8,0.3156271278858185,0.8360353112220764,12
331,2,8,21,15,0.19738911092281342,0.5680355429649353,8
331,2,8,26,20,0.1990412175655365,0.5687021017074585,11
332,10,24,21,15,0.6171327233314514,0.9294773936271667,14
332,20,53,37,27,0.37466418743133545,0.8884762525558472,32
332,2,4,6,3,0.18227286636829376,0.3860074281692505,6
332,2,4,6,3,0.1816997528076172,0.3894692063331604,5
332,3,11,21,16,0.5280634164810181,0.9189749956130981,11
332,2,11,22,14,0.3773729205131531,0.928932249546051,13
332,4,7,14,9,0.16153046488761902,0.44317665696144104,12
332,3,7,16,11,0.16315162181854248,0.442419171333313,7
333,1,5,17,14,0.6122260689735413,0.9307670593261719,6
333,17,49,41,31,0.425078421831131,0.8488019108772278,29
333,0,6,4,2,0.2197040468454361,0.41347062587738037,1
333,0,5,4,2,0.22027266025543213,0.40914830565452576,1
333,2,5,14,11,0.562380313873291,0.9225953221321106,4
333,6,14,27,17,0.4358305335044861,0.894440770149231,12
333,1,6,9,4,0.21941012144088745,0.6212132573127747,4
333,1,5,9,4,0.20909667015075684,0.6009823679924011,4
334,1,3,11,7,0.5843613147735596,0.9456543922424316,5
334,17,50,37,22,0.3513307273387909,0.7812115550041199,30
334,1,6,7,3,0.22708404064178467,0.4298287332057953,5
334,1,6,5,2,0.2294715940952301,0.4246247112751007,5
334,1,4,15,10,0.5623149275779724,0.9213315844535828,6
334,1,10,17,8,0.31956762075424194,0.8697332143783569,11
334,0,5,8,4,0.22232390940189362,0.5236019492149353,6
334,0,5,6,3,0.21765975654125214,0.519753634929657,5
335,2,16,17,9,0.5315310955047607,0.9666470885276794,12
335,8,39,48,29,0.32683148980140686,0.7590062618255615,28
335,2,8,6,3,0.263736367225647,0.6070508360862732,6
335,2,8,6,3,0.2711328864097595,0.6123067140579224,7
335,0,11,15,5,0.44986486434936523,0.8907806873321533,10
335,1,5,18,8,0.28112152218818665,0.7163107395172119,11
335,2,11,10,7,0.2543555200099945,0.6082747578620911,7
335,2,10,10,7,0.25885486602783203,0.6130600571632385,7
336,2,6,15,8,0.6024750471115112,0.9688926339149475,8
336,18,42,37,21,0.36211690306663513,0.8327990174293518,38
336,2,6,7,3,0.2254810482263565,0.46211710572242737,8
336,1,4,6,3,0.2332667112350464,0.4718843698501587,5
336,2,4,10,5,0.3632820248603821,0.8664528131484985,5
336,5,14,16,6,0.3000833988189697,0.8022814989089966,18
336,3,9,13,6,0.2109174132347107,0.481147438287735,10
336,2,6,14,8,0.21193279325962067,0.48683473467826843,10
337,3,5,12,8,0.615906834602356,0.9535128474235535,9
337,11,42,32,15,0.4757043421268463,0.9055256843566895,38
337,2,15,12,4,0.23686857521533966,0.6152336001396179,14
337,1,11,11,4,0.2189658135175705,0.5021083950996399,11
337,2,5,10,7,0.39895880222320557,0.8472081422805786,8
337,0,8,13,3,0.3395719528198242,0.8374816179275513,15
337,2,12,10,2,0.17295214533805847,0.5499954223632812,10
337,1,13,14,4,0.1563689410686493,0.4474261403083801,10
338,1,2,5,3,0.6099488139152527,0.9491726756095886,4
338,16,48,40,28,0.3729029893875122,0.7536872625350952,29
338,0,2,0,0,0.2621005177497864,0.6154199242591858,0
338,0,2,0,0,0.26925671100616455,0.6560025811195374,0
338,1,5,13,6,0.5616618990898132,0.8972485661506653,11
338,3,29,38,21,0.38525572419166565,0.7754064202308655,21
338,0,6,11,6,0.2311539649963379,0.5000889301300049,6
338,0,5,10,7,0.22893770039081573,0.4998392164707184,5
339,0,10,2,1,0.4377601146697998,0.9104714393615723,0
339,3,27,0,0,0.3116638958454132,0.8095846772193909,4
339,0,9,0,0,0.30782604217529297,0.6442008018493652,3
339,0,6,0,0,0.3171324133872986,0.6440107822418213,0
339,4,14,4,3,0.4667845368385315,0.9414165616035461,3
339,0,17,2,2,0.2863609492778778,0.7532297968864441,0
339,0,7,0,0,0.31020814180374146,0.6456709504127502,0
339,0,6,0,0,0.31896430253982544,0.6454432010650635,0
340,0,2,45,44,0.5365508794784546,0.8400959372520447,0
340,0,0,13,12,0.5800172090530396,0.8900108933448792,0
340,0,8,2,0,0.3988235592842102,0.8898677825927734,0
340,1,8,2,0,0.38569697737693787,0.8898676633834839,1
340,1,11,64,55,0.46328476071357727,0.8502741456031799,3
340,0,5,37,32,0.5335909128189087,0.8938429951667786,6
340,1,11,9,5,0.41513878107070923,0.9163155555725098,1
340,0,11,8,4,0.40610283613204956,0.916315495967865,0
341,1,2,16,14,0.38961130380630493,0.6377196907997131,5
341,16,39,41,26,0.3185822069644928,0.6535733342170715,35
341,9,26,32,23,0.4599207043647766,0.9127921462059021,24
341,8,20,27,18,0.4695265591144562,0.9172993898391724,22
341,0,1,6,4,0.34767067432403564,0.6288164258003235,4
341,3,11,16,5,0.2666012942790985,0.6293134689331055,16
341,3,15,20,8,0.4255446791648865,0.9561928510665894,16
341,3,14,18,7,0.4399116635322571,0.960816502571106,15
342,0,0,0,0,0.31264302134513855,0.9131753444671631,0
342,2,40,5,5,0.2180737406015396,0.7623644471168518,4
342,0,2,0,0,0.18807046115398407,0.6371448040008545,0
342,0,0,0,0,0.1839778572320938,0.6148483753204346,0
342,4,8,16,8,0.5640686750411987,0.959551215171814,11
342,15,107,63,56,0.4437725841999054,0.9342403411865234,23
342,10,55,35,34,0.453424334526062,0.911696195602417,14
342,7,45,34,33,0.45225632190704346,0.9110682606697083,11
343,0,0,0,0,0.2677733898162842,0.9187326431274414,0
343,0,0,3,3,0.19261862337589264,0.6890217065811157,0
343,0,0,0,0,0.177389994263649,0.642873227596283,0
343,0,0,0,0,0.17551186680793762,0.6329699754714966,0
343,6,15,29,23,0.5697800517082214,0.9627131223678589,18
343,17,67,68,58,0.46210935711860657,0.9360246658325195,29
343,3,21,24,22,0.44605687260627747,0.9052793979644775,11
343,2,11,22,20,0.4387369453907013,0.8993682265281677,9
344,11,23,45,35,0.5629235506057739,0.9426141381263733,21
344,21,110,70,60,0.4867652356624603,0.9158847332000732,32
344,4,15,17,16,0.43907052278518677,0.8468403816223145,5
344,3,12,16,15,0.4321548342704773,0.8268199563026428,4
344,12,20,39,28,0.34265950322151184,0.906096339225769,20
344,10,41,50,38,0.3123927116394043,0.9014981389045715,19
344,6,21,31,27,0.43818533420562744,0.8714420795440674,12
344,6,19,31,26,0.4452863931655884,0.8569782972335815,12
345,17,45,34,26,0.35081446170806885,0.8232702016830444,32
345,8,35,27,21,0.38113412261009216,0.8476704359054565,14
345,4,10,31,24,0.43871569633483887,0.780177891254425,13
345,5,11,31,23,0.4378862977027893,0.7782214879989624,12
345,0,6,12,5,0.2579540014266968,0.8663491010665894,10
345,0,2,7,5,0.17290031909942627,0.5135303735733032,3
345,4,22,46,36,0.4496828317642212,0.854530930519104,17
345,5,25,47,35,0.4577566981315613,0.854530930519104,21
346,6,21,21,12,0.48761335015296936,0.9090006947517395,17
346,21,70,51,42,0.35789912939071655,0.8650131821632385,36
346,6,30,23,20,0.40456804633140564,0.8529517650604248,10
346,5,30,21,18,0.40631529688835144,0.8547806739807129,11
346,7,23,26,17,0.35781770944595337,0.8334805965423584,17
346,0,5,9,5,0.19356001913547516,0.7260916829109192,6
346,4,10,8,5,0.20754069089889526,0.6564674377441406,12
346,5,13,10,7,0.22143711149692535,0.6905359625816345,9
347,18,66,52,43,0.30413559079170227,0.8110256791114807,27
347,5,29,26,23,0.3643406927585602,0.8279645442962646,12
347,10,36,45,27,0.49461689591407776,0.8520424365997314,31
347,9,40,48,31,0.49672818183898926,0.8524768948554993,32
347,2,5,15,11,0.14639286696910858,0.6297909021377563,9
347,1,3,10,6,0.2189682424068451,0.735505223274231,7
347,8,57,54,42,0.49020689725875854,0.925592839717865,23
347,8,60,55,44,0.4987872540950775,0.925592839717865,30
348,13,34,26,19,0.46834811568260193,0.9156392812728882,24
348,18,68,55,52,0.3594134449958801,0.9229671955108643,27
348,0,20,19,13,0.44220685958862305,0.8982135057449341,8
348,0,21,19,13,0.4519767761230469,0.9078938364982605,9
348,1,9,18,10,0.31012701988220215,0.8345761895179749,11
348,2,14,18,16,0.1332608461380005,0.5830230712890625,6
348,0,15,20,13,0.2812335193157196,0.7659125328063965,10
348,1,18,20,13,0.2973023056983948,0.7760695219039917,10
349,7,16,25,20,0.22935612499713898,0.7923935651779175,15
349,3,18,16,9,0.32210519909858704,0.8342156410217285,10
349,4,22,42,24,0.41442832350730896,0.8352903127670288,19
349,4,22,47,29,0.4233735203742981,0.8423659205436707,22
349,0,1,4,1,0.1630290448665619,0.710573136806488,3
349,1,3,8,3,0.15804632008075714,0.7391377091407776,7
349,2,18,37,26,0.3572467267513275,0.8652027249336243,11
349,3,21,45,34,0.37921643257141113,0.8728834986686707,15
350,3,7,17,12,0.4297849237918854,0.8122652769088745,10
350,9,28,34,21,0.48925909399986267,0.8492421507835388,29
350,16,53,43,30,0.42099642753601074,0.8809196352958679,35
350,17,50,37,25,0.4091898798942566,0.8814126253128052,32
350,1,7,19,11,0.27838200330734253,0.6366077661514282,13
350,6,18,36,27,0.4018528461456299,0.8701028227806091,25
350,3,23,38,31,0.5108982920646667,0.9368481636047363,14
350,1,19,29,22,0.5107780694961548,0.936826229095459,11
351,4,23,14,14,0.35812175273895264,0.7836474180221558,6
351,4,17,20,7,0.4164155423641205,0.7705715298652649,22
351,16,50,42,26,0.4575427770614624,0.9113852381706238,46
351,20,58,41,26,0.4449218213558197,0.9030259251594543,45
351,5,26,20,15,0.22458608448505402,0.6627218127250671,11
351,0,8,14,3,0.3048342168331146,0.6969316005706787,15
351,8,58,29,17,0.4762026071548462,0.9329099059104919,26
351,9,58,31,19,0.4731184244155884,0.9271590709686279,29
352,4,21,15,15,0.37561845779418945,0.8163448572158813,8
352,9,19,15,8,0.40750712156295776,0.8128458261489868,20
352,22,57,34,21,0.47090673446655273,0.9002415537834167,38
352,22,56,35,22,0.4711815118789673,0.9073866605758667,40
352,3,20,17,16,0.18741609156131744,0.6508568525314331,7
352,2,9,12,3,0.26276499032974243,0.7611759901046753,11
352,6,37,26,15,0.45510274171829224,0.9192318320274353,19
352,7,39,28,17,0.45885908603668213,0.9243296980857849,21
353,2,18,10,7,0.3719983696937561,0.8121885061264038,6
353,13,38,36,24,0.4034843444824219,0.7050913572311401,31
353,21,70,47,34,0.44199422001838684,0.9145868420600891,36
353,19,66,44,32,0.43539732694625854,0.9145867824554443,34
353,2,19,11,6,0.1886948049068451,0.636676549911499,8
353,0,7,10,4,0.2486499845981598,0.6251713633537292,8
353,12,48,37,30,0.44840675592422485,0.921040952205658,20
353,11,52,37,30,0.46071791648864746,0.9212241172790527,18
354,6,12,24,20,0.48020046949386597,0.8609708547592163,12
354,28,96,67,51,0.5077291131019592,0.8982395529747009,48
354,11,71,27,20,0.5179160237312317,0.9415048360824585,16
354,9,62,25,18,0.5243772268295288,0.942461371421814,17
354,5,14,25,20,0.3459717631340027,0.7905031442642212,11
354,4,27,45,29,0.379986435174942,0.8564707636833191,28
354,13,75,44,37,0.4451029300689697,0.930449366569519,23
354,12,72,44,37,0.45819705724716187,0.9280440211296082,20
355,10,60,29,20,0.3711206614971161,0.8671555519104004,21
355,10,53,31,23,0.5177969932556152,0.8720507025718689,21
355,6,23,32,22,0.4767126739025116,0.901989758014679,26
355,8,27,34,22,0.46754464507102966,0.8992237448692322,27
355,2,10,5,3,0.20763254165649414,0.5881243944168091,5
355,5,19,22,17,0.3011082708835602,0.7605013251304626,14
355,8,22,25,19,0.42740657925605774,0.891040563583374,16
355,11,27,26,20,0.4302079677581787,0.8940271735191345,17
356,4,23,36,31,0.4175648093223572,0.9101028442382812,17
356,8,22,39,32,0.43842267990112305,0.8517042994499207,19
356,6,24,31,23,0.39643430709838867,0.8038073778152466,21
356,5,25,29,21,0.40131133794784546,0.8071240782737732,15
356,1,6,11,7,0.21086224913597107,0.7673451900482178,9
356,0,9,12,8,0.2746165096759796,0.6837339401245117,7
356,13,45,38,32,0.42207127809524536,0.8251646161079407,24
356,10,44,38,33,0.4256102740764618,0.8251646161079407,19
357,15,74,24,21,0.3541082739830017,0.8939629197120667,17
357,5,40,40,32,0.41758549213409424,0.8838616609573364,17
357,9,26,47,39,0.39851242303848267,0.8389302492141724,22
357,8,29,48,40,0.40034377574920654,0.8410128951072693,20
357,0,0,0,0,0.0726483017206192,0.32845813035964966,0
357,0,0,1,0,0.1346432864665985,0.5040075778961182,1
357,11,46,48,43,0.37365180253982544,0.8354800939559937,23
357,10,49,52,47,0.38573241233825684,0.8374468088150024,20
358,5,26,25,20,0.4646674692630768,0.8607401251792908,10
358,19,32,38,33,0.44627535343170166,0.8769217729568481,32
358,12,33,28,21,0.4549543261528015,0.9474371671676636,24
358,13,32,26,19,0.45478588342666626,0.9501350522041321,23
358,4,24,24,18,0.27923667430877686,0.791386067867279,9
358,0,2,6,3,0.1955343633890152,0.614926815032959,3
358,4,15,7,5,0.29730790853500366,0.8887463212013245,9
358,5,15,8,6,0.30902135372161865,0.8989851474761963,8
359,2,18,28,20,0.4697202146053314,0.8758552670478821,16
359,17,30,36,30,0.46850863099098206,0.8494498133659363,28
359,23,39,46,41,0.4431784749031067,0.9123389720916748,32
359,21,41,47,43,0.4361256957054138,0.9227721691131592,31
359,4,21,30,21,0.33187398314476013,0.8442166447639465,15
359,2,7,14,10,0.25852513313293457,0.7402752637863159,8
359,3,8,10,9,0.23955602943897247,0.755542516708374,6
359,4,11,11,10,0.24587786197662354,0.7785059809684753,9
360,6,19,40,35,0.45064976811408997,0.8507472276687622,12
360,22,40,46,39,0.4542723596096039,0.8370128273963928,32
360,14,41,38,31,0.43921583890914917,0.900230348110199,30
360,12,38,33,26,0.4233371317386627,0.8973918557167053,25
360,3,20,42,37,0.30372732877731323,0.8114026188850403,9
360,1,4,9,6,0.2137688398361206,0.5957607626914978,4
360,4,17,21,17,0.31616443395614624,0.8319125175476074,10
360,4,19,22,18,0.32080352306365967,0.8417366743087769,10
361,12,30,29,25,0.41090285778045654,0.8608971238136292,16
361,16,34,41,29,0.3865368068218231,0.81298828125,28
361,16,49,52,38,0.4821620285511017,0.8956294059753418,37
361,17,52,50,38,0.4815671443939209,0.8885266184806824,35
361,7,25,26,19,0.22136132419109344,0.7306404709815979,13
361,1,2,4,1,0.18997515738010406,0.6169695258140564,5
361,6,27,36,27,0.3060132563114166,0.7645432949066162,15
361,7,33,37,29,0.3106294870376587,0.750310480594635,21
362,11,22,30,28,0.4167028069496155,0.7753515243530273,20
362,23,94,69,52,0.5467942953109741,0.8953518271446228,44
362,16,44,27,24,0.5276809334754944,0.9422139525413513,28
362,14,39,24,21,0.5146884918212891,0.9382420182228088,26
362,11,23,34,29,0.298790842294693,0.7359787821769714,19
362,5,15,32,18,0.33181893825531006,0.8108122944831848,25
362,11,51,35,30,0.48040616512298584,0.926703691482544,25
362,12,56,38,33,0.4923332929611206,0.927182137966156,22
363,2,10,7,6,0.45452845096588135,0.7781791687011719,4
363,10,53,26,11,0.5098150372505188,0.9404315948486328,28
363,4,24,7,5,0.46630996465682983,0.849055290222168,11
363,6,25,8,6,0.4575129747390747,0.8374121785163879,12
363,3,10,10,9,0.44783520698547363,0.7842657566070557,8
363,5,27,27,10,0.4923594892024994,0.9548435807228088,25
363,6,27,11,6,0.4861169755458832,0.8682709336280823,14
363,8,29,16,10,0.477206289768219,0.8571077585220337,16
364,4,12,4,3,0.41902387142181396,0.7738146185874939,8
364,15,87,36,25,0.4547107517719269,0.8531602025032043,28
364,1,18,10,9,0.4412603974342346,0.7310838103294373,5
364,1,9,3,3,0.4371797442436218,0.7019270062446594,3
364,3,10,4,3,0.336902379989624,0.7798212170600891,5
364,7,46,36,22,0.471792072057724,0.9541639685630798,25
364,1,13,14,10,0.3868575990200043,0.7855319976806641,12
364,1,9,7,5,0.36920246481895447,0.709416925907135,8
365,4,12,16,14,0.3777434229850769,0.7678021192550659,11
365,9,49,36,14,0.551986575126648,0.9218100905418396,33
365,0,7,10,2,0.41586750745773315,0.8069522976875305,11
365,0,4,5,0,0.4004853069782257,0.7080879211425781,9
365,3,11,16,14,0.3087923228740692,0.7333656549453735,11
365,5,24,27,4,0.5514458417892456,0.959240198135376,30
365,0,7,10,0,0.4316149652004242,0.8522193431854248,11
365,1,4,6,0,0.40745383501052856,0.748390257358551,10
366,0,1,2,2,0.3443848192691803,0.8109091520309448,0
366,13,90,20,16,0.37139904499053955,0.7592521905899048,19
366,3,30,6,6,0.49237602949142456,0.8120838403701782,8
366,1,28,6,6,0.505428671836853,0.8320652842521667,6
366,4,9,11,9,0.4382566213607788,0.8174533247947693,7
366,15,106,37,19,0.5251007676124573,0.8946242332458496,34
366,8,78,34,19,0.5583764314651489,0.9102551937103271,26
366,8,76,33,20,0.5588077902793884,0.9020796418190002,25
367,3,30,11,8,0.39322537183761597,0.8739576935768127,11
367,11,62,34,21,0.4708627462387085,0.8607850670814514,30
367,8,31,16,13,0.5514340400695801,0.889499843120575,13
367,8,30,15,12,0.5453798770904541,0.8642395734786987,12
367,4,36,23,13,0.5302276611328125,0.8964129686355591,17
367,13,78,51,26,0.5887781977653503,0.947249710559845,40
367,13,50,35,25,0.48076698184013367,0.8432036638259888,23
367,12,49,33,24,0.4669778347015381,0.8004481196403503,19
368,2,34,11,4,0.4201667010784149,0.89256751537323,10
368,9,156,31,13,0.49140143394470215,0.8732799291610718,30
368,7,52,17,14,0.5582072734832764,0.8747754096984863,12
368,6,48,16,13,0.5473184585571289,0.8504709005355835,11
368,4,40,18,5,0.4888533055782318,0.9215472936630249,17
368,6,82,35,11,0.5400791168212891,0.9364635348320007,33
368,12,59,25,16,0.4425800144672394,0.8060529232025146,21
368,11,55,23,15,0.4269813597202301,0.7655348181724548,20
369,6,33,17,13,0.36657842993736267,0.814907431602478,12
369,12,110,25,16,0.4827398359775543,0.8514031767845154,26
369,8,45,17,13,0.4996904134750366,0.8620666861534119,12
369,9,33,16,12,0.4947260618209839,0.8414371013641357,13
369,9,48,26,18,0.421241819858551,0.8517286777496338,21
369,12,90,33,19,0.5161162614822388,0.8944271206855774,28
369,7,56,29,22,0.4523083567619324,0.8284181952476501,13
369,10,44,28,21,0.4503742754459381,0.7897975444793701,18
370,10,31,19,16,0.3665781617164612,0.6958472728729248,15
370,19,122,62,47,0.46513503789901733,0.8126433491706848,38
370,7,36,8,6,0.42235037684440613,0.7657697200775146,11
370,6,29,6,4,0.40670281648635864,0.7610222697257996,8
370,10,31,19,16,0.42732739448547363,0.7984635829925537,15
370,22,117,66,44,0.5228171944618225,0.9037299156188965,46
370,12,47,20,13,0.5013010501861572,0.8905540704727173,24
370,12,41,18,12,0.49605193734169006,0.8944824934005737,19
371,5,14,10,7,0.33695077896118164,0.6524402499198914,8
371,13,58,39,30,0.4351527690887451,0.8597787618637085,31
371,5,23,22,20,0.44419318437576294,0.8112035989761353,16
371,3,18,21,19,0.43291130661964417,0.8033363819122314,14
371,5,16,15,11,0.35536476969718933,0.7243688702583313,14
371,12,68,48,29,0.5301268100738525,0.9568421244621277,37
371,11,49,52,37,0.46395638585090637,0.8465633392333984,31
371,10,44,49,36,0.4514155983924866,0.8311636447906494,29
372,3,43,14,8,0.370720237493515,0.7129555940628052,6
372,21,164,25,16,0.4518241286277771,0.8890288472175598,33
372,12,54,27,19,0.4837878346443176,0.7602550387382507,28
372,7,51,22,17,0.4661785364151001,0.7449823021888733,18
372,8,48,22,14,0.38437825441360474,0.7249584197998047,15
372,15,136,36,18,0.5206181406974792,0.957011342048645,36
372,12,78,53,32,0.516514241695404,0.9041149020195007,37
372,9,72,47,30,0.49214303493499756,0.868061900138855,28
373,9,86,35,26,0.32190048694610596,0.6545878648757935,21
373,18,131,33,22,0.3736369013786316,0.7107076048851013,29
373,8,47,17,13,0.376575767993927,0.5907312035560608,16
373,7,40,15,12,0.37383127212524414,0.596415638923645,12
373,13,92,46,35,0.3349741995334625,0.6762588024139404,26
373,14,129,46,22,0.49918365478515625,0.9400953650474548,37
373,10,72,45,27,0.38011395931243896,0.776484489440918,29
373,12,66,45,28,0.3633551299571991,0.7207478284835815,29
374,13,47,40,30,0.36054104566574097,0.6968686580657959,23
374,20,60,37,27,0.4433440566062927,0.8339443206787109,29
374,6,14,14,14,0.4769414961338043,0.7966551780700684,14
374,4,10,13,13,0.46115660667419434,0.7961570620536804,10
374,12,50,46,31,0.3510715663433075,0.7169076800346375,25
374,24,72,58,34,0.5796899795532227,0.9569857716560364,45
374,9,39,40,25,0.4691661596298218,0.8099642992019653,27
374,12,36,39,26,0.4475281834602356,0.7974613308906555,30
375,15,80,25,20,0.3374142050743103,0.7145119905471802,23
375,16,83,26,17,0.34342241287231445,0.6290006041526794,30
375,4,48,9,5,0.4478096663951874,0.8025214076042175,14
375,4,45,6,2,0.4387388229370117,0.8024090528488159,16
375,22,83,42,35,0.4043623208999634,0.828774094581604,29
375,15,85,47,25,0.5221741795539856,0.9570662975311279,42
375,8,125,31,24,0.4681847095489502,0.7946029901504517,22
375,8,125,31,25,0.4588477611541748,0.7885241508483887,18
376,15,25,18,11,0.2876230478286743,0.646210253238678,25
376,13,86,22,14,0.2919696867465973,0.6218300461769104,26
376,8,54,12,12,0.3176037073135376,0.602858304977417,14
376,9,52,12,12,0.3145372271537781,0.5975510478019714,15
376,11,30,25,11,0.44591856002807617,0.7803943157196045,30
376,8,26,23,10,0.31710800528526306,0.7203689217567444,25
376,7,72,36,24,0.355366975069046,0.8667784929275513,20
376,7,73,37,25,0.3589518666267395,0.8840145468711853,21
377,8,36,26,10,0.5004882216453552,0.9107321500778198,29
377,8,15,5,3,0.3810654580593109,0.6738088130950928,10
377,2,11,12,9,0.4819740056991577,0.7545478940010071,8
377,2,13,16,13,0.4826628565788269,0.7596350312232971,6
377,5,22,31,11,0.4926602840423584,0.9334924221038818,27
377,8,15,11,4,0.43801578879356384,0.8493353724479675,16
377,3,14,15,9,0.45690494775772095,0.8061469197273254,10
377,3,16,19,13,0.4548395872116089,0.8060887455940247,10
378,19,72,28,24,0.41493508219718933,0.727851927280426,27
378,22,80,31,16,0.5227702260017395,0.9421554803848267,38
378,2,6,4,1,0.3628498911857605,0.709848165512085,9
378,2,6,3,1,0.3500968813896179,0.6609153747558594,6
378,12,47,41,26,0.3350245952606201,0.6683600544929504,29
378,13,37,34,14,0.4859192967414856,0.9417476654052734,35
378,2,11,10,1,0.45571717619895935,0.9017007350921631,14
378,2,10,9,1,0.44226670265197754,0.8827934265136719,14
379,5,13,24,18,0.5790591239929199,0.9490162134170532,15
379,9,16,16,9,0.3530554175376892,0.7144168615341187,18
379,5,23,25,16,0.34151172637939453,0.7337351441383362,18
379,5,22,24,15,0.3311709463596344,0.721467137336731,19
379,4,10,26,18,0.3643762469291687,0.7941555976867676,17
379,0,5,11,4,0.2622031271457672,0.7192652225494385,8
379,6,24,27,15,0.2646387219429016,0.7124860882759094,20
379,6,25,29,16,0.2630373239517212,0.7093119025230408,20
380,9,23,26,18,0.3770565986633301,0.8786712288856506,18
380,7,28,24,16,0.38503512740135193,0.8755958676338196,15
380,2,23,25,14,0.36108046770095825,0.7654293179512024,13
380,2,24,25,15,0.3594362735748291,0.7597672939300537,13
380,0,2,7,4,0.31097158789634705,0.8345822691917419,5
380,4,8,10,4,0.269723117351532,0.8105731010437012,13
380,1,5,16,9,0.21872060000896454,0.7035415768623352,9
380,1,5,14,8,0.2144276201725006,0.6908810138702393,8
381,4,27,33,19,0.41805779933929443,0.9027338027954102,18
381,3,31,15,6,0.30835098028182983,0.8278199434280396,13
381,0,19,11,2,0.3331872820854187,0.7634336352348328,11
381,1,17,13,4,0.3352838158607483,0.7634375691413879,10
381,2,10,15,7,0.31942784786224365,0.8880586624145508,10
381,1,5,7,2,0.22323031723499298,0.6569899916648865,9
381,0,5,10,4,0.24124974012374878,0.7521071434020996,6
381,1,7,13,7,0.24737894535064697,0.7521072626113892,8
382,1,9,12,7,0.266334593296051,0.6089171767234802,7
382,6,21,17,10,0.3854908049106598,0.9135113954544067,16
382,5,24,22,16,0.28001660108566284,0.7309377193450928,10
382,5,24,23,16,0.27662304043769836,0.7295939326286316,13
382,1,3,5,3,0.1447751671075821,0.5193087458610535,3
382,1,4,8,3,0.23191295564174652,0.8255202174186707,5
382,0,4,9,4,0.17739149928092957,0.6681669354438782,6
382,0,4,10,4,0.17585335671901703,0.6691332459449768,6
383,2,12,15,9,0.2932720482349396,0.6718012094497681,13
383,4,16,17,10,0.4089721441268921,0.9325428605079651,12
383,10,23,21,13,0.3809985816478729,0.7953728437423706,18
383,10,23,23,15,0.3747362494468689,0.7862000465393066,18
383,1,6,6,3,0.17007146775722504,0.5842398405075073,4
383,1,4,6,2,0.2437034696340561,0.7880108952522278,6
383,1,5,10,2,0.29182159900665283,0.7096744775772095,9
383,1,5,12,4,0.286806583404541,0.7028855085372925,10
384,10,33,19,14,0.3850764036178589,0.710754930973053,16
384,12,37,23,15,0.4909556806087494,0.9184812903404236,21
384,0,4,6,6,0.5412471890449524,0.8952165842056274,1
384,1,4,6,6,0.5261298418045044,0.8798191547393799,1
384,5,22,23,15,0.31330406665802,0.7121844291687012,15
384,6,20,17,13,0.3760529160499573,0.765322744846344,9
384,0,2,4,3,0.5071350336074829,0.8381125330924988,2
384,0,1,4,3,0.5042498111724854,0.8339627385139465,2
385,4,18,14,5,0.5174477100372314,0.9679774641990662,15
385,4,29,38,17,0.3694077432155609,0.8334195017814636,25
385,6,33,34,24,0.3440313935279846,0.673469066619873,16
385,7,32,29,21,0.3465515971183777,0.6830671429634094,16
385,1,7,16,7,0.2863079309463501,0.7555313110351562,14
385,0,6,10,2,0.2325892597436905,0.5242452025413513,9
385,3,11,20,11,0.2612941265106201,0.5753209590911865,13
385,3,12,22,13,0.2734161615371704,0.5915243625640869,12
386,13,34,29,24,0.2981633245944977,0.6774447560310364,29
386,17,38,28,14,0.4007338583469391,0.9369751811027527,34
386,4,19,25,14,0.3656991422176361,0.8058131337165833,18
386,5,19,27,16,0.37406665086746216,0.8183614611625671,20
386,2,9,15,9,0.24833038449287415,0.6833341121673584,8
386,0,10,17,6,0.3416624665260315,0.9145209193229675,14
386,0,6,21,13,0.37704798579216003,0.7849068641662598,12
386,0,5,21,14,0.387613445520401,0.7943484783172607,9
387,20,36,39,27,0.31168508529663086,0.6625112295150757,41
387,6,19,18,5,0.3519665002822876,0.8152170181274414,26
387,2,15,23,8,0.2943851053714752,0.6929146647453308,24
387,3,20,25,11,0.2958213984966278,0.7016452550888062,25
387,3,14,22,8,0.28882572054862976,0.7246846556663513,25
387,1,13,16,2,0.36197933554649353,0.9415591359138489,19
387,1,8,15,4,0.24830152094364166,0.7347663044929504,21
387,1,9,13,3,0.24765899777412415,0.7382602095603943,19
388,6,19,22,10,0.32283446192741394,0.7847521901130676,21
388,7,25,22,11,0.2655739486217499,0.7419418692588806,20
388,0,3,4,4,0.34438008069992065,0.7022714614868164,0
388,0,3,3,3,0.350051611661911,0.7099558711051941,0
388,0,14,17,1,0.3388685882091522,0.931484580039978,20
388,1,5,8,1,0.26304635405540466,0.7558832764625549,15
388,0,0,2,2,0.42237499356269836,0.749880313873291,0
388,0,0,2,2,0.41634875535964966,0.7431744933128357,0
389,5,17,26,17,0.2760829031467438,0.5999948382377625,20
389,8,27,33,16,0.33357104659080505,0.7959128618240356,31
389,2,7,17,10,0.21061013638973236,0.6169813871383667,12
389,2,7,13,8,0.2066614031791687,0.5847252011299133,12
389,5,15,26,12,0.30351653695106506,0.8442627191543579,24
389,2,13,18,3,0.32327646017074585,0.8981729745864868,22
389,0,3,10,5,0.24732385575771332,0.7111274600028992,9
389,0,3,10,5,0.2559623718261719,0.7034828066825867,10
390,10,18,22,14,0.26473546028137207,0.548139214515686,21
390,5,20,26,8,0.3281775712966919,0.783908486366272,29
390,1,7,14,7,0.2225085347890854,0.6810747385025024,12
390,1,6,11,5,0.22731754183769226,0.6750991940498352,10
390,4,14,23,11,0.22986724972724915,0.6760911345481873,22
390,3,14,17,3,0.3610835075378418,0.9024302363395691,22
390,0,3,7,3,0.21109110116958618,0.6988661289215088,12
390,0,3,7,3,0.21621660888195038,0.6889497637748718,11
391,2,3,9,6,0.38501015305519104,0.7089686989784241,6
391,14,34,26,13,0.38306868076324463,0.7578721642494202,32
391,3,7,9,5,0.37350213527679443,0.7328068017959595,11
391,1,5,6,2,0.37761348485946655,0.7313425540924072,7
391,2,8,18,10,0.2681327164173126,0.5696485638618469,14
391,7,23,26,9,0.3424608111381531,0.840575635433197,21
391,3,15,18,6,0.3361053466796875,0.8734515309333801,17
391,1,11,16,4,0.3329634666442871,0.861125111579895,18
392,3,11,17,10,0.24855342507362366,0.5928140878677368,13
392,9,25,29,10,0.313330739736557,0.7793903946876526,25
392,2,7,11,6,0.3286501467227936,0.7392093539237976,11
392,1,5,7,3,0.32269585132598877,0.721198558807373,7
392,0,2,6,2,0.22279676795005798,0.5587760210037231,6
392,1,17,23,5,0.36440739035606384,0.8524856567382812,13
392,1,10,11,1,0.3258293569087982,0.8825762867927551,16
392,1,11,10,1,0.3224736452102661,0.8751805424690247,15
393,6,19,23,18,0.2370784729719162,0.6202031373977661,11
393,5,22,14,8,0.2957462668418884,0.7793112397193909,12
393,0,6,5,3,0.3245905637741089,0.757148265838623,3
393,0,3,4,2,0.3317434787750244,0.755861222743988,3
393,5,16,13,8,0.22631022334098816,0.5840174555778503,10
393,0,15,4,2,0.3450835645198822,0.847848117351532,1
393,0,12,6,1,0.3266783356666565,0.8470304012298584,1
393,0,11,6,1,0.32021650671958923,0.8236307501792908,1
394,0,0,2,2,0.40798506140708923,0.8422809839248657,0
394,15,51,12,12,0.3815333843231201,0.7385026216506958,16
394,0,4,5,5,0.4364614486694336,0.8385761976242065,1
394,0,2,2,2,0.42982667684555054,0.8377667665481567,0
394,0,2,9,9,0.5599547624588013,0.9299160838127136,5
394,22,74,34,22,0.45644739270210266,0.7605924010276794,35
394,2,11,16,11,0.6203477382659912,0.9132036566734314,6
394,0,7,7,3,0.6204918622970581,0.9131802320480347,4
395,10,92,22,20,0.3844030499458313,0.7627769708633423,13
395,5,9,8,7,0.4215177595615387,0.793226957321167,9
395,0,6,0,0,0.3998328149318695,0.7909168004989624,0
395,1,6,0,0,0.3959881663322449,0.7909368276596069,1
395,11,115,40,28,0.47494208812713623,0.7831907272338867,25
395,10,24,22,15,0.5967153310775757,0.8787907361984253,17
395,2,17,6,5,0.6325844526290894,0.9409052133560181,4
395,2,15,6,5,0.6279908418655396,0.9363558888435364,3
396,0,0,0,0,0.5619968175888062,0.7839522361755371,0
396,0,3,3,2,0.5079272985458374,0.7780934572219849,2
396,0,4,7,5,0.5178321003913879,0.8364375829696655,2
396,0,4,5,4,0.5042269229888916,0.8356251120567322,0
396,0,0,0,0,0.5780270099639893,0.9204991459846497,0
396,0,3,4,3,0.550025224685669,0.9124085307121277,1
396,0,4,7,5,0.5118289589881897,0.8553253412246704,1
396,0,4,5,4,0.5047729015350342,0.850113034248352,0
397,3,18,19,16,0.5814404487609863,0.8696122169494629,13
397,12,62,53,38,0.5009089112281799,0.8269053101539612,30
397,2,17,10,7,0.5127989053726196,0.8361057639122009,4
397,1,16,14,10,0.5132868885993958,0.8475130200386047,5
397,4,10,19,14,0.5222933292388916,0.8444996476173401,13
397,2,25,29,14,0.3542974293231964,0.8168633580207825,20
397,1,18,8,5,0.40472888946533203,0.7767569422721863,4
397,1,17,11,7,0.41436201333999634,0.7970482110977173,5
398,1,3,13,12,0.4525902569293976,0.8310603499412537,1
398,6,36,30,24,0.40933364629745483,0.6940681338310242,16
398,1,2,1,1,0.45104753971099854,0.8967874646186829,1
398,0,0,0,0,0.4408777952194214,0.896497368812561,0
398,3,7,36,33,0.42587077617645264,0.7832270264625549,9
398,4,24,30,23,0.28245148062705994,0.6259083151817322,15
398,1,4,5,3,0.3803160488605499,0.7614136338233948,3
398,0,2,3,1,0.38372331857681274,0.7622091174125671,2
399,0,0,15,12,0.5391237735748291,0.8906998038291931,3
399,5,24,33,23,0.41469597816467285,0.7532037496566772,16
399,2,5,11,7,0.4714832901954651,0.9050840735435486,5
399,1,1,4,2,0.46153050661087036,0.9030833840370178,3
399,0,4,30,25,0.47569289803504944,0.8188907504081726,4
399,6,21,41,28,0.3140162527561188,0.693516731262207,18
399,4,10,12,8,0.3773476481437683,0.7435043454170227,9
399,4,6,6,4,0.3753812909126282,0.7555875778198242,6
400,0,1,6,5,0.3948923647403717,0.8611111044883728,1
400,0,15,6,3,0.38128939270973206,0.7542528510093689,5
400,0,0,2,1,0.46028488874435425,0.9111902713775635,1
400,0,0,2,1,0.4554768204689026,0.9172239303588867,0
400,0,2,10,9,0.3354254364967346,0.759358286857605,0
400,0,9,7,2,0.28252896666526794,0.7779887318611145,6
400,0,2,4,2,0.3771374523639679,0.8642501831054688,2
400,0,2,4,2,0.3690897822380066,0.8306622505187988,2
401,0,1,6,5,0.5417578220367432,0.9613117575645447,1
401,8,24,27,19,0.40597009658813477,0.7494708299636841,17
401,0,0,3,2,0.5090336799621582,0.8758313655853271,2
401,0,0,2,1,0.5014685392379761,0.8745782971382141,1
401,0,3,8,6,0.44196367263793945,0.9174134731292725,2
401,1,8,18,9,0.26230373978614807,0.5930492281913757,10
401,0,1,4,2,0.3746924102306366,0.6486300826072693,2
401,0,1,3,1,0.37008458375930786,0.6496568322181702,1
402,0,0,0,0,0.5938219428062439,0.9658092260360718,0
402,6,18,31,25,0.4377201199531555,0.8238332271575928,15
402,1,5,15,13,0.5326579809188843,0.9039530158042908,3
402,0,3,11,9,0.5328949689865112,0.9039530158042908,2
402,0,0,2,1,0.5215920209884644,0.9478849172592163,2
402,2,12,30,20,0.2703014612197876,0.641035795211792,13
402,1,7,18,14,0.41501790285110474,0.7506519556045532,10
402,0,4,15,11,0.4203341603279114,0.7549157738685608,6
403,0,0,4,3,0.45678654313087463,0.890696108341217,0
403,0,2,6,5,0.40066081285476685,0.7005903124809265,0
403,0,1,1,1,0.3713340759277344,0.6912633180618286,0
403,0,1,1,1,0.373296856880188,0.6908632516860962,0
403,2,2,5,4,0.4146565794944763,0.8818928599357605,2
403,3,8,11,8,0.3352932929992676,0.690353512763977,4
403,1,3,3,2,0.36102235317230225,0.7491064071655273,1
403,0,2,3,2,0.37146395444869995,0.7496004104614258,1
404,3,5,3,1,0.5325871109962463,0.7941831946372986,5
404,8,14,8,5,0.4474239945411682,0.7214362025260925,17
404,0,1,1,1,0.4377836585044861,0.7273217439651489,1
404,0,1,1,1,0.43312254548072815,0.7378074526786804,1
404,4,11,14,6,0.4990674555301666,0.8629876375198364,13
404,13,23,17,11,0.365365207195282,0.7042869329452515,21
404,3,6,13,10,0.43178337812423706,0.8032405376434326,9
404,3,7,13,10,0.43613582849502563,0.8258193731307983,8
405,4,9,10,5,0.34153756499290466,0.7174391150474548,8
405,7,15,20,12,0.30865442752838135,0.7759677767753601,14
405,0,2,15,10,0.3203634023666382,0.657929539680481,6
405,0,2,15,10,0.311208575963974,0.63078373670578,3
405,0,4,11,6,0.275773823261261,0.6767920851707458,8
405,2,8,14,7,0.25095537304878235,0.841708242893219,8
405,0,2,10,6,0.2268587350845337,0.6282500624656677,3
405,0,3,13,8,0.22545887529850006,0.6009376645088196,6
406,2,9,13,9,0.433992862701416,0.8603072762489319,6
406,5,12,16,11,0.3292600214481354,0.7338589429855347,11
406,1,4,19,14,0.43871718645095825,0.7970654964447021,5
406,1,5,19,14,0.4415343999862671,0.810390055179596,5
406,0,3,11,8,0.3310782313346863,0.7314615845680237,4
406,3,7,12,9,0.20116698741912842,0.7056559920310974,5
406,1,3,17,12,0.296917200088501,0.7531851530075073,4
406,1,4,17,12,0.30713021755218506,0.7727964520454407,4
407,0,0,2,1,0.4315948188304901,0.711870014667511,1
407,0,0,0,0,0.4127404987812042,0.7387027144432068,0
407,1,4,5,2,0.31520193815231323,0.768476128578186,4
407,1,4,5,2,0.3176291286945343,0.7667091488838196,4
407,0,2,7,5,0.3166607618331909,0.6974182724952698,1
407,0,0,0,0,0.42609351873397827,0.9167508482933044,0
407,1,3,4,2,0.29013437032699585,0.7631713151931763,2
407,1,3,4,2,0.2872597277164459,0.7318481206893921,3
408,0,0,21,18,0.5520311594009399,0.8789989352226257,3
408,1,1,6,6,0.5121111273765564,0.9085237383842468,1
408,0,2,11,9,0.4660739004611969,0.8825753927230835,0
408,0,3,11,9,0.4618104100227356,0.8751583099365234,1
408,0,2,10,6,0.38593631982803345,0.7709639072418213,3
408,1,1,1,1,0.41887789964675903,0.7909866571426392,1
408,0,1,8,6,0.4300462603569031,0.838681161403656,0
408,0,1,8,6,0.42523881793022156,0.838222324848175,0
409,0,0,0,0,0.16886143386363983,0.6983544826507568,0
409,0,0,2,0,0.29950305819511414,0.8708658814430237,2
409,0,6,8,2,0.250413715839386,0.7174298167228699,6
409,0,6,8,2,0.24055707454681396,0.6771734952926636,7
409,0,0,0,0,0.2948398292064667,0.7809923887252808,0
409,0,0,0,0,0.24209395051002502,0.5871482491493225,0
409,0,0,0,0,0.20235785841941833,0.3919486999511719,0
409,0,0,0,0,0.19989067316055298,0.3882780075073242,0
410,7,22,21,10,0.3932182788848877,0.8216537833213806,19
410,0,15,16,7,0.4311562180519104,0.8572866916656494,8
410,16,47,26,20,0.5792049169540405,0.9237349033355713,18
410,14,45,26,20,0.5783209800720215,0.9236038327217102,16
410,1,5,14,6,0.3717900514602661,0.7532342672348022,10
410,0,3,12,5,0.28997474908828735,0.7540206909179688,6
410,0,2,6,2,0.3886689245700836,0.8121234774589539,4
410,0,1,6,2,0.3896332085132599,0.8120867013931274,5
411,3,10,17,10,0.4346473813056946,0.7896313667297363,13
411,9,34,31,14,0.3822855055332184,0.8804088234901428,35
411,0,3,1,1,0.41672542691230774,0.7283404469490051,0
411,0,3,1,1,0.43308398127555847,0.7513318657875061,0
411,2,12,27,16,0.38823848962783813,0.7787508964538574,12
411,2,14,17,3,0.28969478607177734,0.8602051734924316,19
411,0,0,3,3,0.32470470666885376,0.703440248966217,0
411,0,0,3,3,0.3381466269493103,0.7156842947006226,0
412,3,9,22,16,0.3895098865032196,0.678653359413147,14
412,7,32,33,15,0.2796300947666168,0.5384261012077332,22
412,0,5,15,11,0.3663139343261719,0.8543981313705444,2
412,0,4,13,9,0.37806248664855957,0.8720120191574097,2
412,0,2,8,5,0.3488234281539917,0.6830590963363647,3
412,0,7,21,7,0.26402124762535095,0.7296450734138489,11
412,0,3,9,3,0.3046776354312897,0.8848292827606201,4
412,0,2,6,1,0.29831212759017944,0.8546355962753296,3
413,0,3,5,1,0.38671523332595825,0.7426427006721497,3
413,6,38,26,16,0.35473576188087463,0.8193843960762024,20
413,5,14,22,16,0.3841290771961212,0.8381236791610718,12
413,1,12,22,16,0.37472742795944214,0.8372483253479004,10
413,0,1,1,0,0.3380647897720337,0.6802980303764343,0
413,4,13,14,7,0.2633974552154541,0.8174190521240234,11
413,3,4,3,3,0.21295565366744995,0.580032467842102,3
413,1,2,3,3,0.20973443984985352,0.554470956325531,2
414,0,0,8,6,0.27398040890693665,0.6937257647514343,6
414,13,45,38,25,0.31781601905822754,0.6975690722465515,32
414,4,12,39,29,0.4280322194099426,0.8874720335006714,14
414,5,12,36,27,0.43558579683303833,0.8960720896720886,16
414,1,4,10,8,0.1931355893611908,0.4764881134033203,8
414,4,15,22,11,0.21726904809474945,0.6509477496147156,15
414,2,7,19,13,0.3163950741291046,0.7883089780807495,9
414,3,8,17,12,0.3281446695327759,0.8114879727363586,8
415,7,22,31,23,0.3950067460536957,0.789098858833313,21
415,13,44,42,26,0.3024934232234955,0.7266312837600708,32
415,3,12,25,13,0.34856414794921875,0.7901119589805603,15
415,3,12,26,14,0.344515323638916,0.7896198630332947,15
415,2,8,16,13,0.2464311271905899,0.6729256510734558,8
415,1,14,23,13,0.20441119372844696,0.6062143445014954,11
415,1,10,25,11,0.3392871618270874,0.899458646774292,11
415,0,11,24,11,0.3398353159427643,0.900667130947113,13
416,8,21,31,21,0.47320038080215454,0.9593929648399353,19
416,16,46,27,13,0.3793684244155884,0.886153519153595,36
416,1,3,6,2,0.4202924966812134,0.7384902238845825,5
416,0,3,6,2,0.4096333384513855,0.738266110420227,2
416,1,5,14,6,0.30986467003822327,0.7102347612380981,9
416,2,11,11,2,0.20660020411014557,0.6910004615783691,12
416,0,4,8,4,0.2403331995010376,0.6262895464897156,7
416,1,4,8,4,0.23730255663394928,0.6195220947265625,5
417,0,8,13,4,0.35280996561050415,0.7640389800071716,9
417,10,36,36,17,0.35149359703063965,0.8407453298568726,29
417,0,4,11,7,0.4337838590145111,0.7973433136940002,7
417,0,2,13,8,0.438960462808609,0.7987673282623291,4
417,0,9,17,4,0.35130035877227783,0.7509917616844177,12
417,2,12,18,5,0.32674679160118103,0.8770164251327515,16
417,0,6,14,8,0.3923240900039673,0.8249047994613647,7
417,0,3,17,10,0.3917703926563263,0.8228738903999329,6
418,6,26,10,5,0.32736653089523315,0.8124106526374817,11
418,11,43,32,17,0.35672062635421753,0.7920776605606079,31
418,0,3,4,2,0.413386732339859,0.7551520466804504,2
418,0,3,4,2,0.4249117076396942,0.7559908628463745,2
418,0,3,5,0,0.30452102422714233,0.9337846636772156,5
418,0,10,12,2,0.265134334564209,0.8234699368476868,15
418,0,8,11,5,0.2880215644836426,0.7280701398849487,6
418,0,8,11,5,0.29516786336898804,0.7281259894371033,5
419,2,7,16,10,0.4569689631462097,0.8109047412872314,9
419,13,42,28,12,0.37121880054473877,0.790271520614624,28
419,0,0,0,0,0.4978504776954651,0.9127709865570068,0
419,0,0,0,0,0.520886242389679,0.9268108010292053,0
419,0,5,8,2,0.42614054679870605,0.8122010827064514,5
419,2,14,22,6,0.26465535163879395,0.707075297832489,17
419,0,1,3,2,0.34168946743011475,0.886157751083374,0
419,0,0,3,2,0.36426684260368347,0.9086692929267883,0
420,5,17,20,14,0.4415428042411804,0.7737849354743958,12
420,15,43,28,15,0.3479328155517578,0.7829927206039429,28
420,0,0,1,0,0.43430233001708984,0.887963593006134,1
420,0,0,0,0,0.45516330003738403,0.9163732528686523,0
420,2,6,8,6,0.3720068633556366,0.7359307408332825,6
420,0,9,6,0,0.19897280633449554,0.5957151651382446,7
420,0,0,1,0,0.29476746916770935,0.8288055658340454,1
420,0,0,0,0,0.3246079087257385,0.8859957456588745,0
421,2,8,12,7,0.32929784059524536,0.718366801738739,9
421,20,49,45,30,0.2939259707927704,0.6506611704826355,38
421,2,7,15,12,0.36985182762145996,0.8723263740539551,10
421,0,6,6,5,0.3727653920650482,0.8778858780860901,3
421,1,7,13,6,0.18892206251621246,0.4573245048522949,7
421,1,13,18,6,0.16400493681430817,0.4731144309043884,12
421,0,5,13,8,0.26999714970588684,0.8246688842773438,7
421,0,6,7,4,0.28217360377311707,0.8341569900512695,5
422,4,11,7,6,0.4630047380924225,0.9167004823684692,9
422,13,49,25,14,0.3022106885910034,0.5364684462547302,29
422,0,1,3,1,0.39503780007362366,0.6412614583969116,4
422,0,0,0,0,0.39112362265586853,0.644149899482727,0
422,3,13,11,7,0.3316764235496521,0.8365582823753357,11
422,8,32,28,14,0.21433593332767487,0.5666621327400208,28
422,1,5,7,5,0.35122668743133545,0.610680878162384,5
422,0,3,4,4,0.35447293519973755,0.610910952091217,1
423,2,9,6,6,0.45586270093917847,0.807976484298706,4
423,11,79,30,22,0.4250240921974182,0.800954282283783,25
423,0,6,6,5,0.5845726728439331,0.8713364601135254,2
423,0,5,4,3,0.5860657691955566,0.8635085225105286,2
423,1,7,8,8,0.2794363498687744,0.6551536917686462,2
423,3,20,25,16,0.27375906705856323,0.8431565761566162,16
423,1,10,19,14,0.4848358929157257,0.9216805696487427,8
423,1,8,17,12,0.49355876445770264,0.9087997674942017,9
424,2,15,2,2,0.42871618270874023,0.7391902804374695,3
424,11,52,36,23,0.38276058435440063,0.6836854219436646,31
424,1,2,16,12,0.43747514486312866,0.7482492327690125,6
424,1,2,15,12,0.43663573265075684,0.7386966943740845,4
424,0,1,1,0,0.329732209444046,0.7072004675865173,1
424,4,14,20,9,0.2513861060142517,0.7158581614494324,18
424,3,9,21,14,0.45542049407958984,0.8858113288879395,14
424,3,9,20,14,0.4652312099933624,0.8806250095367432,13
425,2,4,7,4,0.49676576256752014,0.9200990796089172,5
425,21,41,37,27,0.42273813486099243,0.7808631658554077,30
425,0,5,15,12,0.4594969153404236,0.8018302321434021,3
425,2,4,14,12,0.4645596742630005,0.8024447560310364,4
425,2,4,10,6,0.3427734673023224,0.821670651435852,7
425,3,11,14,6,0.26270169019699097,0.7007061243057251,13
425,2,7,10,7,0.4708505868911743,0.830400824546814,4
425,2,6,10,7,0.49099642038345337,0.8442415595054626,4
426,17,33,24,20,0.5126644372940063,0.8245754837989807,30
426,17,60,40,23,0.5055351257324219,0.8179513812065125,35
426,0,2,5,3,0.46074628829956055,0.7452264428138733,3
426,0,1,6,4,0.465032160282135,0.752581000328064,3
426,6,14,21,16,0.38341397047042847,0.7203142642974854,20
426,4,27,33,15,0.33692672848701477,0.7374383807182312,28
426,0,6,9,4,0.38778695464134216,0.8538540601730347,5
426,0,5,10,5,0.4021764099597931,0.8635426759719849,4
427,15,46,33,27,0.43100786209106445,0.8198509216308594,23
427,8,72,41,30,0.4389711320400238,0.7926533222198486,23
427,0,0,7,7,0.45164379477500916,0.7795302867889404,0
427,0,0,6,6,0.4540592432022095,0.7863343954086304,3
427,9,18,22,18,0.35694199800491333,0.7516666054725647,19
427,1,26,29,15,0.3264893591403961,0.7307059168815613,15
427,0,3,8,5,0.3850288391113281,0.8673431277275085,3
427,0,3,7,4,0.3946670889854431,0.8680872917175293,4
428,12,39,53,43,0.43449676036834717,0.7860804200172424,23
428,14,49,48,36,0.4000585377216339,0.7818344235420227,28
428,2,2,16,15,0.477323979139328,0.7836126089096069,2
428,1,1,12,11,0.4700617790222168,0.7474318742752075,2
428,10,25,44,30,0.3195558786392212,0.8200639486312866,24
428,10,29,40,30,0.27112066745758057,0.7565740346908569,20
428,4,4,16,15,0.407699853181839,0.7817049026489258,5
428,1,3,10,9,0.3987959623336792,0.7507476210594177,3
429,0,5,9,5,0.569150984287262,0.872822105884552,4
429,15,46,29,21,0.3697769343852997,0.7376739382743835,27
429,5,21,25,18,0.4290100038051605,0.7558706998825073,16
429,2,20,25,17,0.4363749027252197,0.7736280560493469,13
429,0,7,11,6,0.422211229801178,0.8635324835777283,6
429,2,12,13,7,0.19280175864696503,0.5858216285705566,9
429,3,23,47,32,0.41205400228500366,0.8489246368408203,22
429,3,25,49,33,0.4274665415287018,0.8694369196891785,21
430,0,7,11,4,0.5111271739006042,0.8820042014122009,8
430,22,82,24,12,0.35574406385421753,0.8063848614692688,35
430,9,33,33,25,0.41611456871032715,0.8257822394371033,20
430,7,30,38,29,0.4266279637813568,0.8431536555290222,20
430,0,5,9,3,0.32665199041366577,0.8084977865219116,6
430,3,7,8,2,0.17689500749111176,0.6747998595237732,10
430,7,17,33,23,0.32864946126937866,0.808942973613739,19
430,6,20,40,28,0.35558855533599854,0.8596043586730957,18
431,5,12,17,12,0.39029258489608765,0.8726086616516113,14
431,20,63,33,26,0.2628110647201538,0.6513456106185913,30
431,5,26,33,25,0.3807935416698456,0.7951073050498962,16
431,4,23,33,25,0.3826616406440735,0.7987694144248962,14
431,0,4,9,4,0.26457712054252625,0.7916414737701416,4
431,0,4,5,1,0.15897920727729797,0.7192850112915039,4
431,2,16,35,21,0.2862244248390198,0.7816306948661804,18
431,3,18,37,23,0.29843395948410034,0.7871930599212646,16
432,3,12,10,4,0.4795583486557007,0.8847603797912598,8
432,18,60,23,10,0.367502361536026,0.8331573009490967,36
432,9,23,25,19,0.48447543382644653,0.8794897794723511,20
432,7,18,20,16,0.4924868941307068,0.8888360261917114,17
432,1,9,8,3,0.27270859479904175,0.7487762570381165,5
432,0,6,6,0,0.16349966824054718,0.5927093625068665,6
432,2,11,17,9,0.30646538734436035,0.6552602648735046,14
432,2,11,17,9,0.3203548789024353,0.6697482466697693,14
433,3,10,8,3,0.46131905913352966,0.8708582520484924,8
433,18,55,22,10,0.4268253743648529,0.9017621874809265,35
433,9,17,22,17,0.5345422029495239,0.8643782138824463,16
433,6,12,21,17,0.5362433195114136,0.8612006306648254,16
433,2,5,9,2,0.28640586137771606,0.773603618144989,8
433,1,10,10,0,0.2237957864999771,0.7721838355064392,10
433,3,10,22,14,0.3365040719509125,0.7453274726867676,13
433,2,10,21,14,0.3460078835487366,0.7530353665351868,12
434,8,14,17,10,0.4354897141456604,0.8602756857872009,17
434,15,52,25,14,0.3314792215824127,0.6960609555244446,36
434,5,27,22,15,0.4264867901802063,0.822978675365448,19
434,3,25,22,15,0.42201846837997437,0.8216488361358643,16
434,3,7,14,7,0.2375590205192566,0.5159304141998291,9
434,0,9,15,4,0.16185720264911652,0.5115472674369812,14
434,2,14,22,13,0.32362306118011475,0.8330768346786499,14
434,4,16,22,13,0.33181634545326233,0.8330768346786499,16
435,7,25,7,4,0.421608030796051,0.8335210084915161,13
435,14,52,15,7,0.36500975489616394,0.727083146572113,28
435,8,21,11,7,0.48603886365890503,0.8346063494682312,20
435,10,20,10,6,0.48119962215423584,0.833867073059082,22
435,0,3,4,1,0.24590972065925598,0.5579156279563904,6
435,0,6,12,2,0.28249868750572205,0.7867148518562317,10
435,1,10,16,7,0.36809444427490234,0.7576273679733276,13
435,1,10,16,7,0.3703441619873047,0.7573841214179993,14
436,15,40,31,20,0.436862587928772,0.8433306813240051,29
436,23,54,40,26,0.38123923540115356,0.7588205337524414,42
436,13,31,35,23,0.47220560908317566,0.8510226607322693,28
436,13,33,37,25,0.4770081341266632,0.8485532999038696,26
436,5,10,17,13,0.22193577885627747,0.6712570190429688,12
436,1,6,12,3,0.27023380994796753,0.7227731347084045,11
436,7,22,28,15,0.3500991463661194,0.8317762017250061,21
436,8,24,30,17,0.34813541173934937,0.8344208002090454,23
437,9,39,21,10,0.3949236273765564,0.9112014770507812,17
437,9,28,20,12,0.3138796389102936,0.7813528180122375,22
437,5,16,20,6,0.4414892792701721,0.874275803565979,19
437,4,16,20,7,0.4555010199546814,0.8929958939552307,16
437,2,7,7,1,0.15962451696395874,0.5066623091697693,6
437,2,7,15,8,0.18200229108333588,0.5605450868606567,12
437,4,15,24,9,0.2926233410835266,0.8075814247131348,17
437,3,16,26,10,0.3040730357170105,0.8251726627349854,19
438,2,16,14,7,0.2770305871963501,0.843233048915863,10
438,3,11,12,4,0.20296847820281982,0.7329987287521362,15
438,4,18,21,10,0.24173253774642944,0.6649959683418274,20
438,5,20,22,11,0.2441631406545639,0.6558582186698914,19
438,3,5,11,9,0.1924971044063568,0.6500486135482788,7
438,2,5,10,6,0.13115398585796356,0.5759215354919434,6
438,0,3,6,1,0.15724967420101166,0.45630940794944763,6
438,0,3,7,2,0.1608169674873352,0.4583197236061096,6
439,7,24,19,10,0.3154833912849426,0.8193882703781128,14
439,5,16,18,10,0.3452008366584778,0.7767576575279236,14
439,0,5,12,7,0.45232272148132324,0.8332974910736084,6
439,0,5,12,7,0.45451581478118896,0.8406877517700195,9
439,0,7,13,5,0.1685035079717636,0.7021855711936951,9
439,2,7,10,6,0.1544513702392578,0.49257704615592957,8
439,1,8,19,11,0.2851513624191284,0.6837766170501709,12
439,1,10,20,11,0.2978798747062683,0.7252933382987976,11
440,2,12,13,6,0.23886388540267944,0.8340371251106262,9
440,5,14,12,6,0.2192661017179489,0.7613215446472168,11
440,2,7,7,3,0.33063608407974243,0.809951901435852,9
440,2,9,9,3,0.34022653102874756,0.817472517490387,8
440,0,1,1,0,0.1057174950838089,0.42669248580932617,1
440,0,4,5,1,0.23445460200309753,0.7758113145828247,4
440,1,3,4,1,0.26299339532852173,0.6555964350700378,6
440,1,3,3,1,0.2527233958244324,0.6014593243598938,5
441,1,8,15,10,0.17788557708263397,0.5973185300827026,9
441,4,10,12,8,0.2039022296667099,0.8093579411506653,10
441,7,16,19,14,0.2277829349040985,0.6133812069892883,18
441,6,17,22,16,0.24236947298049927,0.6348088383674622,14
441,0,0,0,0,0.1265571117401123,0.49592849612236023,0
441,0,3,4,1,0.17923425137996674,0.8414279818534851,4
441,0,3,5,2,0.16229559481143951,0.4310149848461151,4
441,0,3,9,4,0.1724334955215454,0.4581109881401062,6
442,2,13,20,10,0.3096027374267578,0.8657006025314331,12
442,5,13,12,8,0.22085639834403992,0.724968433380127,9
442,4,17,20,11,0.3134041726589203,0.8167725205421448,13
442,7,19,21,12,0.32311320304870605,0.8200194835662842,15
442,0,3,3,0,0.19301122426986694,0.7983678579330444,3
442,0,0,2,1,0.07309703528881073,0.465702086687088,1
442,0,0,5,3,0.11196649074554443,0.5354840159416199,4
442,0,1,5,3,0.12473927438259125,0.5629656910896301,4
443,3,13,18,6,0.28013092279434204,0.6142579913139343,17
443,1,11,15,3,0.2611565589904785,0.6377806067466736,14
443,4,25,36,19,0.34670042991638184,0.7607828974723816,20
443,5,27,37,21,0.3556716740131378,0.7603272199630737,24
443,0,2,8,1,0.21216654777526855,0.8150571584701538,7
443,0,3,5,0,0.1598788946866989,0.5821232795715332,6
443,3,8,21,14,0.28464794158935547,0.7026216387748718,12
443,3,9,21,14,0.30007198452949524,0.704464316368103,14
444,0,3,5,2,0.07814373075962067,0.3065718412399292,3
444,1,7,9,4,0.3028574287891388,0.7733997106552124,6
444,3,8,12,5,0.36638158559799194,0.9169300198554993,11
444,4,11,13,6,0.37711238861083984,0.9367190003395081,14
444,0,2,4,2,0.0455603152513504,0.20324404537677765,1
444,1,7,6,2,0.19107115268707275,0.7001722455024719,5
444,1,3,4,0,0.2768383324146271,0.7651069164276123,6
444,1,4,5,0,0.28587546944618225,0.7812627553939819,5
445,1,10,17,7,0.28605011105537415,0.7257000207901001,13
445,15,58,41,24,0.4490310251712799,0.7956836223602295,34
445,8,30,24,15,0.40084710717201233,0.8493636846542358,17
445,8,28,21,14,0.3910020589828491,0.8361530303955078,17
445,0,7,10,3,0.19226449728012085,0.6602979302406311,9
445,1,5,15,7,0.33543866872787476,0.7591235637664795,11
445,3,10,24,13,0.29907771944999695,0.8460022807121277,16
445,3,11,22,13,0.2888772785663605,0.8270937204360962,14
446,2,7,13,8,0.31215551495552063,0.7925383448600769,8
446,4,14,17,9,0.3183734118938446,0.8183740377426147,14
446,1,10,14,4,0.36928799748420715,0.9042855501174927,10
446,1,9,15,5,0.36486107110977173,0.9039379954338074,10
446,0,2,3,1,0.13913588225841522,0.4720304608345032,0
446,1,3,5,2,0.1017821803689003,0.4726966917514801,4
446,0,2,4,0,0.13346430659294128,0.6434925198554993,3
446,0,2,4,0,0.1369740217924118,0.6452963948249817,4
447,3,6,17,13,0.3607277274131775,0.9077051281929016,6
447,4,24,36,22,0.2666511535644531,0.640339732170105,16
447,3,14,15,9,0.24049049615859985,0.621582567691803,13
447,3,18,15,9,0.24605822563171387,0.6276494860649109,13
447,0,1,2,2,0.1564009189605713,0.5400130152702332,1
447,0,2,3,0,0.20265968143939972,0.7128555178642273,4
447,1,5,5,1,0.1252872198820114,0.5743763446807861,6
447,2,6,4,1,0.11760690808296204,0.5325460433959961,8
448,0,6,1,1,0.3635609745979309,0.7186079621315002,0
448,0,25,0,0,0.3280825614929199,0.6417675018310547,0
448,2,18,2,0,0.39116066694259644,0.8577216267585754,4
448,2,18,2,0,0.3908410668373108,0.8577877283096313,5
448,0,8,6,6,0.3749809265136719,0.7656837105751038,0
448,0,19,0,0,0.3212146461009979,0.7118467688560486,1
448,3,18,10,6,0.40552255511283875,0.8874005675315857,5
448,5,19,11,7,0.3974437415599823,0.8856189250946045,9
449,0,17,0,0,0.37968653440475464,0.709193766117096,0
449,0,24,0,0,0.36307328939437866,0.7092752456665039,0
449,0,6,0,0,0.4344152808189392,0.941860556602478,0
449,0,4,0,0,0.4380694031715393,0.9450033903121948,0
449,0,11,0,0,0.3650849461555481,0.6516692042350769,0
449,0,38,0,0,0.3441625237464905,0.6496506333351135,0
449,0,17,2,1,0.40105924010276794,0.9318705201148987,0
449,0,16,2,1,0.3985360264778137,0.9361709356307983,0
450,1,5,4,4,0.4831608533859253,0.8609064817428589,1
450,0,24,0,0,0.4279698431491852,0.8481833934783936,0
450,0,1,0,0,0.441597580909729,0.8926528692245483,0
450,0,1,0,0,0.44282767176628113,0.8979691863059998,0
450,0,12,0,0,0.4630315899848938,0.8732612133026123,0
450,0,25,0,0,0.40858083963394165,0.8608831763267517,0
450,0,3,0,0,0.35249775648117065,0.8157023191452026,0
450,0,3,0,0,0.35586291551589966,0.8157021999359131,0
451,0,11,0,0,0.507493793964386,0.9168576002120972,0
451,0,16,0,0,0.3795287609100342,0.7795524001121521,0
451,0,7,0,0,0.48255056142807007,0.8621237277984619,0
451,0,8,0,0,0.45880958437919617,0.8420841097831726,0
451,0,12,0,0,0.535576581954956,0.9437973499298096,0
451,0,19,0,0,0.3849811851978302,0.7639566659927368,0
451,0,5,0,0,0.4435194432735443,0.8212395906448364,0
451,0,6,0,0,0.4263739585876465,0.8149549961090088,0
452,0,15,0,0,0.3716689348220825,0.7321717739105225,0
452,0,30,0,0,0.33902406692504883,0.8062542080879211,0
452,0,2,0,0,0.4614769220352173,0.8606390953063965,0
452,0,2,0,0,0.44435080885887146,0.8015220165252686,0
452,0,12,0,0,0.42254143953323364,0.8024130463600159,0
452,0,16,0,0,0.372554212808609,0.8926184773445129,0
452,0,2,0,0,0.47813108563423157,0.9285097718238831,0
452,0,2,0,0,0.4528140425682068,0.8842396140098572,0
453,0,13,0,0,0.4927366077899933,0.854558527469635,0
453,0,28,0,0,0.4236629605293274,0.8281126022338867,0
453,0,4,0,0,0.5216673016548157,0.8742782473564148,0
453,0,6,0,0,0.5105314254760742,0.8603785634040833,0
453,0,12,0,0,0.45246872305870056,0.8031530380249023,0
453,0,34,0,0,0.3799416124820709,0.7361802458763123,0
453,0,4,0,0,0.5282782316207886,0.9210618138313293,0
453,0,5,0,0,0.5255621671676636,0.9198832511901855,0
454,0,17,0,0,0.43224722146987915,0.869597315788269,0
454,0,17,0,0,0.3181886672973633,0.6453709602355957,0
454,0,5,0,0,0.38872331380844116,0.7524036765098572,1
454,0,5,0,0,0.3834086060523987,0.7586860060691833,1
454,0,15,0,0,0.4790596663951874,0.942126989364624,0
454,0,16,0,0,0.32481706142425537,0.7187835574150085,0
454,0,3,0,0,0.4203729033470154,0.757530927658081,0
454,0,3,0,0,0.40480518341064453,0.7204342484474182,0
455,0,12,0,0,0.4694214463233948,0.8199152946472168,0
455,0,13,0,0,0.3771815001964569,0.7720581293106079,0
455,0,4,0,0,0.502961277961731,0.8587157726287842,0
455,0,4,0,0,0.4983893930912018,0.8527923822402954,0
455,0,12,0,0,0.45165443420410156,0.8828582763671875,0
455,0,11,0,0,0.38670897483825684,0.812947154045105,0
455,0,3,1,1,0.4774940013885498,0.9006868004798889,0
455,0,3,1,1,0.4689142107963562,0.893243670463562,0
456,0,3,0,0,0.46081286668777466,0.9180961847305298,0
456,0,15,0,0,0.3624109625816345,0.6846155524253845,0
456,0,3,0,0,0.5289866924285889,0.8664681315422058,0
456,0,3,0,0,0.5420736074447632,0.8829548954963684,0
456,0,5,0,0,0.4434669613838196,0.8122564554214478,0
456,0,12,0,0,0.366279661655426,0.7376230359077454,0
456,0,4,0,0,0.4915395975112915,0.8328079581260681,0
456,0,4,0,0,0.49789702892303467,0.832817018032074,0
457,0,15,1,1,0.4115367531776428,0.7911931872367859,0
457,0,16,0,0,0.38593000173568726,0.7489535808563232,0
457,1,15,1,1,0.5786205530166626,0.9044290781021118,1
457,1,14,1,1,0.580723762512207,0.912321925163269,1
457,0,4,0,0,0.4362366199493408,0.8292802572250366,0
457,0,14,0,0,0.35292282700538635,0.7302029728889465,0
457,1,10,1,1,0.5635555982589722,0.9197676777839661,1
457,0,9,1,1,0.572987973690033,0.9414278864860535,0
458,0,15,5,3,0.5036067962646484,0.8862870335578918,1
458,0,26,3,1,0.3982585072517395,0.8176705837249756,0
458,0,7,6,2,0.4586177170276642,0.840268075466156,2
458,0,9,6,2,0.4436730146408081,0.8292039632797241,0
458,0,14,3,3,0.4393766522407532,0.832051157951355,0
458,0,19,0,0,0.41585269570350647,0.8243368864059448,0
458,0,7,0,0,0.5792542695999146,0.9222131967544556,0
458,0,7,0,0,0.5781455039978027,0.927165150642395,0
459,3,13,12,10,0.4966951310634613,0.9195309281349182,6
459,0,31,0,0,0.41466081142425537,0.8431650996208191,0
459,1,15,1,1,0.4094405770301819,0.8095721006393433,1
459,1,14,1,1,0.4047943353652954,0.8106739521026611,1
459,0,10,4,4,0.4755321145057678,0.8633973598480225,0
459,0,23,0,0,0.40814363956451416,0.8324653506278992,0
459,1,9,0,0,0.4242587089538574,0.8166399598121643,1
459,1,9,0,0,0.41487637162208557,0.805388331413269,1
460,0,0,2,2,0.33720701932907104,0.7067579030990601,0
460,3,14,18,12,0.3375810384750366,0.7697991728782654,15
460,4,13,13,4,0.2594946622848511,0.6326395869255066,18
460,3,13,12,3,0.26013338565826416,0.6432222127914429,12
460,0,1,9,8,0.3379851281642914,0.7252858281135559,1
460,0,3,8,3,0.27755969762802124,0.7362832427024841,8
460,2,4,10,5,0.28131604194641113,0.8056305050849915,10
460,2,4,6,4,0.26832664012908936,0.7773227095603943,8
461,0,2,6,4,0.3710382580757141,0.7939402461051941,3
461,8,21,27,17,0.27242136001586914,0.6625160574913025,19
461,0,4,6,4,0.22353273630142212,0.6274779438972473,4
461,0,3,5,3,0.2283446192741394,0.630175769329071,2
461,0,1,6,3,0.22520534694194794,0.6227194666862488,3
461,1,4,16,9,0.2614067494869232,0.7540067434310913,9
461,0,1,4,3,0.18961837887763977,0.7050670981407166,1
461,0,1,4,2,0.1897999495267868,0.7113637924194336,1
462,5,15,16,9,0.34215664863586426,0.7889198660850525,16
462,3,6,8,3,0.18809513747692108,0.5975406169891357,8
462,1,2,4,4,0.2792801260948181,0.6478025317192078,2
462,0,1,3,3,0.2882826626300812,0.6515621542930603,0
462,2,12,16,9,0.2887741029262543,0.7727996706962585,10
462,3,5,11,8,0.16974219679832458,0.6400437951087952,7
462,1,1,2,1,0.156911700963974,0.5698983073234558,1
462,1,1,2,1,0.16400842368602753,0.5708305239677429,1
463,2,12,15,6,0.29308807849884033,0.7297303676605225,12
463,0,4,9,3,0.29874473810195923,0.7709345817565918,7
463,0,2,4,3,0.45593738555908203,0.926139771938324,1
463,0,1,3,3,0.46270751953125,0.9310224652290344,0
463,1,5,13,9,0.22885531187057495,0.632097065448761,5
463,0,3,3,0,0.11402780562639236,0.4867551922798157,5
463,1,2,2,1,0.22902469336986542,0.6103381514549255,2
463,1,1,1,1,0.2444329857826233,0.6403713822364807,1
464,0,7,13,5,0.3439282774925232,0.6811147928237915,8
464,4,18,8,1,0.2571534216403961,0.7280628085136414,16
464,1,1,4,2,0.48070594668388367,0.8338077664375305,5
464,0,0,3,2,0.48385703563690186,0.8295683860778809,1
464,0,4,7,2,0.26885607838630676,0.772548258304596,4
464,0,2,3,1,0.12482129782438278,0.45949843525886536,1
464,0,0,3,1,0.2973623275756836,0.6082282066345215,1
464,0,0,3,1,0.30136799812316895,0.6092911958694458,1
465,2,4,3,1,0.3817291259765625,0.6373937726020813,4
465,12,57,17,9,0.37415897846221924,0.752383291721344,23
465,7,9,3,2,0.47620972990989685,0.9096961617469788,8
465,7,9,3,2,0.48395559191703796,0.9312319159507751,8
465,4,6,15,10,0.3253750801086426,0.7147161364555359,7
465,12,27,18,8,0.2832365930080414,0.7274748682975769,22
465,7,10,5,3,0.5239957571029663,0.9020462036132812,9
465,7,9,4,3,0.5396051406860352,0.918441653251648,8
466,2,11,18,10,0.31579944491386414,0.7305129170417786,10
466,8,35,29,16,0.286042183637619,0.6368895173072815,24
466,2,6,7,5,0.48105525970458984,0.9152359366416931,4
466,2,5,7,5,0.4885176718235016,0.9177848696708679,5
466,0,1,3,1,0.20591574907302856,0.737489640712738,2
466,0,3,7,5,0.15118728578090668,0.5247922539710999,2
466,2,5,13,9,0.327085018157959,0.8066733479499817,6
466,2,5,13,9,0.32997170090675354,0.817190408706665,6
467,7,20,25,20,0.3972812294960022,0.8407703638076782,11
467,7,34,34,21,0.37624359130859375,0.7917137145996094,21
467,1,4,2,1,0.5235251188278198,0.8955469131469727,2
467,1,3,1,0,0.5296460390090942,0.8945907354354858,2
467,1,2,4,3,0.17566843330860138,0.48333749175071716,4
467,3,7,9,5,0.2578579783439636,0.6388689875602722,8
467,0,3,5,2,0.3615150451660156,0.7644409537315369,2
467,0,3,5,2,0.3733276128768921,0.7912038564682007,2
468,4,16,20,11,0.4509546160697937,0.7744019627571106,10
468,16,47,24,13,0.40797504782676697,0.7280024290084839,24
468,1,4,3,2,0.5483906865119934,0.9065238237380981,5
468,1,4,3,2,0.5536901354789734,0.9083856344223022,3
468,3,13,19,11,0.29063016176223755,0.763544499874115,9
468,2,14,17,9,0.30704283714294434,0.7360764145851135,9
468,2,5,3,2,0.44656792283058167,0.8799969553947449,4
468,2,5,3,2,0.456530898809433,0.8889929056167603,5
469,2,15,16,6,0.4377209544181824,0.7609362006187439,10
469,10,50,27,11,0.3905358910560608,0.7174806594848633,27
469,1,9,9,6,0.5479099750518799,0.9131841063499451,5
469,1,9,9,6,0.5538750290870667,0.9170202612876892,4
469,2,10,15,6,0.27465367317199707,0.7367761731147766,8
469,0,13,15,3,0.2855069637298584,0.7182613611221313,14
469,1,9,11,8,0.4390633702278137,0.8880302309989929,7
469,1,9,11,8,0.44899865984916687,0.8978179097175598,5
470,1,9,12,4,0.428091436624527,0.7338887453079224,6
470,22,55,36,22,0.39152947068214417,0.7143930792808533,35
470,4,13,15,10,0.5243450403213501,0.8461608290672302,10
470,3,12,14,10,0.5258814096450806,0.8511290550231934,7
470,0,4,9,3,0.2626417577266693,0.6955265998840332,5
470,4,22,23,14,0.33744725584983826,0.866831362247467,11
470,3,14,16,11,0.42629820108413696,0.8110291957855225,10
470,3,13,16,11,0.42990368604660034,0.8047217130661011,8
471,3,8,12,9,0.5097485184669495,0.8866041302680969,6
471,13,61,26,13,0.4423306882381439,0.7904888987541199,27
471,2,7,10,8,0.4779179096221924,0.7873162031173706,5
471,2,6,11,9,0.48607614636421204,0.7924949526786804,4
471,4,11,19,12,0.43243563175201416,0.9245780110359192,9
471,4,16,21,8,0.30863824486732483,0.7749291658401489,18
471,4,12,18,13,0.3787713646888733,0.8081199526786804,11
471,4,12,19,14,0.3885037302970886,0.8127262592315674,12
472,2,10,11,5,0.2974320650100708,0.806124746799469,11
472,2,14,30,16,0.3920344114303589,0.9438899755477905,16
472,1,4,12,9,0.23004528880119324,0.5992817878723145,5
472,1,4,12,9,0.23276717960834503,0.5866438150405884,5
472,0,0,1,0,0.24965091049671173,0.8038139939308167,3
472,0,1,11,6,0.3657589554786682,0.9504510164260864,4
472,1,4,9,4,0.23056098818778992,0.7609687447547913,9
472,1,5,13,7,0.23321352899074554,0.7620291709899902,9
473,1,8,9,4,0.2734595835208893,0.6854513883590698,7
473,0,5,7,1,0.19726885855197906,0.539254367351532,5
473,0,3,8,5,0.2852019965648651,0.6632264852523804,4
473,0,3,9,6,0.2874305248260498,0.662631630897522,4
473,1,4,5,2,0.1235499382019043,0.4163535237312317,6
473,0,5,8,1,0.2350349873304367,0.8535792827606201,5
473,0,3,8,3,0.22909864783287048,0.7813993692398071,6
473,0,4,9,4,0.22862710058689117,0.7499975562095642,7
474,2,11,15,6,0.32871106266975403,0.8020710349082947,14
474,1,9,13,6,0.33525335788726807,0.8665716648101807,12
474,2,12,20,10,0.2902601361274719,0.6790012717247009,16
474,1,12,21,12,0.29201290011405945,0.6789145469665527,15
474,1,4,8,1,0.17541459202766418,0.6310602426528931,9
474,0,6,7,0,0.20701734721660614,0.8640607595443726,8
474,1,7,9,4,0.23506660759449005,0.5920566916465759,10
474,2,8,8,4,0.2379385232925415,0.5832772254943848,8
475,0,6,11,4,0.3293430805206299,0.8655016422271729,11
475,1,6,9,2,0.3217664361000061,0.8330703377723694,10
475,1,11,17,8,0.3532506227493286,0.7752617001533508,11
475,1,11,16,8,0.3620224595069885,0.7738623023033142,11
475,0,2,3,1,0.11621517688035965,0.5053529739379883,4
475,0,4,5,0,0.22739949822425842,0.8385158181190491,5
475,0,4,7,3,0.3263223469257355,0.7106668949127197,5
475,0,5,7,3,0.33840474486351013,0.7192214131355286,5
476,0,6,12,7,0.3627206087112427,0.9302471876144409,6
476,1,8,11,4,0.3295094072818756,0.6984132528305054,13
476,4,18,20,8,0.4149131774902344,0.7957860827445984,20
476,2,18,18,6,0.4209679365158081,0.788817286491394,18
476,0,1,3,2,0.13505679368972778,0.5884665250778198,1
476,0,4,5,1,0.1949939876794815,0.5834160447120667,8
476,1,5,4,1,0.316472589969635,0.7244783043861389,6
476,1,6,5,1,0.3253592252731323,0.7380859851837158,7
477,0,2,6,4,0.2873091399669647,0.6512632966041565,2
477,2,7,8,3,0.23126737773418427,0.6332758069038391,7
477,1,5,6,3,0.3528001308441162,0.7544572949409485,6
477,1,5,6,3,0.3672338128089905,0.8005237579345703,6
477,0,2,4,1,0.20478105545043945,0.6656286120414734,3
477,0,2,3,0,0.16502267122268677,0.6532824039459229,3
477,0,3,6,2,0.26255375146865845,0.6949890851974487,5
477,0,5,7,2,0.2828885018825531,0.7391690015792847,6
478,1,5,7,2,0.2703152596950531,0.7305318117141724,5
478,2,6,10,7,0.24870572984218597,0.7082074284553528,8
478,1,4,12,10,0.2623172998428345,0.8285056948661804,6
478,0,4,10,8,0.24881432950496674,0.8015490174293518,4
478,0,0,2,1,0.18635548651218414,0.474754273891449,0
478,0,1,1,0,0.1293848305940628,0.4614313244819641,2
478,0,1,4,1,0.12947839498519897,0.7595909237861633,1
478,0,2,4,1,0.1308668553829193,0.7597722411155701,1
479,2,4,4,2,0.32087382674217224,0.666269838809967,4
479,2,4,3,1,0.3923599123954773,0.8934777975082397,5
479,0,2,2,0,0.37528690695762634,0.9300969243049622,3
479,0,1,2,0,0.3570682406425476,0.9251641035079956,1
479,0,1,1,0,0.17035529017448425,0.5610643029212952,2
479,0,1,1,0,0.2503161132335663,0.8451197743415833,2
479,0,0,0,0,0.28016847372055054,0.9044958353042603,0
479,0,0,0,0,0.26194438338279724,0.8934763073921204,0
480,0,5,5,0,0.1864081472158432,0.5728226900100708,6
480,1,5,11,3,0.2701214849948883,0.8144884705543518,11
480,3,4,6,2,0.4359655976295471,0.9270491003990173,7
480,3,6,8,4,0.44515445828437805,0.9326860308647156,6
480,0,0,0,0,0.04839969426393509,0.23584331572055817,0
480,0,2,6,1,0.17781679332256317,0.7179940938949585,5
480,1,1,5,1,0.28976690769195557,0.9224395751953125,4
480,1,3,7,3,0.29484453797340393,0.9287841320037842,5
481,0,3,8,3,0.19215843081474304,0.5007318258285522,4
481,0,10,11,3,0.2608673572540283,0.7572152614593506,9
481,1,4,8,5,0.3755982220172882,0.8433091044425964,4
481,2,6,8,5,0.3826090097427368,0.8571488261222839,5
481,0,1,2,0,0.10022949427366257,0.46703624725341797,1
481,0,2,2,0,0.208247110247612,0.8440984487533569,4
481,1,1,4,2,0.22764895856380463,0.8115281462669373,3
481,1,3,4,2,0.23863226175308228,0.8370348811149597,3
482,8,44,32,27,0.4541187286376953,0.8079999685287476,18
482,11,62,36,26,0.2996238172054291,0.5986765027046204,28
482,1,14,9,8,0.37624773383140564,0.6128720641136169,4
482,2,14,9,8,0.3930668234825134,0.6987131834030151,5
482,1,14,22,17,0.3189150094985962,0.8207353353500366,11
482,7,27,27,16,0.21078842878341675,0.6032862663269043,23
482,2,8,11,8,0.33232730627059937,0.7331808805465698,5
482,1,8,11,8,0.35696056485176086,0.8270121216773987,4
483,7,25,21,15,0.4344960153102875,0.9197627902030945,19
483,11,28,23,14,0.3516245484352112,0.8776549100875854,20
483,8,28,18,12,0.31161853671073914,0.738752543926239,14
483,9,34,20,14,0.3164707124233246,0.7418372631072998,19
483,0,4,7,3,0.19341985881328583,0.5450245141983032,10
483,3,7,8,5,0.1033332571387291,0.5112411975860596,9
483,0,3,7,4,0.10765737295150757,0.5757284760475159,5
483,0,3,7,4,0.11004645377397537,0.5832843780517578,5
484,3,11,12,4,0.2366146743297577,0.6021053194999695,12
484,7,17,20,10,0.3112327456474304,0.7639942169189453,23
484,14,37,25,17,0.4348503351211548,0.8643639087677002,29
484,16,43,26,18,0.4377809464931488,0.8636376261711121,29
484,0,2,2,0,0.15288561582565308,0.5315813422203064,3
484,2,7,10,5,0.15533135831356049,0.6047200560569763,9
484,2,8,11,4,0.3645342290401459,0.8864635825157166,10
484,1,8,10,3,0.3703896701335907,0.8859577178955078,10
485,9,31,19,10,0.3363274931907654,0.8909609317779541,20
485,6,17,11,1,0.38833633065223694,0.930875301361084,17
485,0,8,9,1,0.41617682576179504,0.8777347803115845,9
485,1,10,10,3,0.4198508858680725,0.8755757808685303,10
485,0,1,1,0,0.1445208191871643,0.5531657338142395,1
485,0,6,6,0,0.24442577362060547,0.7981297969818115,7
485,0,4,6,0,0.2666250169277191,0.690388023853302,9
485,1,7,7,1,0.26571428775787354,0.6729140281677246,10
486,1,9,11,4,0.21356146037578583,0.5968416333198547,10
486,1,7,12,4,0.3052704632282257,0.7142848372459412,10
486,10,26,39,25,0.45197004079818726,0.8826990723609924,26
486,13,30,39,26,0.4608093202114105,0.8827040791511536,28
486,1,3,8,4,0.13522464036941528,0.5400659441947937,5
486,0,4,6,1,0.2401387244462967,0.7474192976951599,6
486,3,10,20,11,0.3872235417366028,0.9171770215034485,16
486,3,9,20,11,0.38665974140167236,0.9171770215034485,16
487,3,12,14,6,0.18785330653190613,0.5286428332328796,11
487,1,9,9,1,0.24307654798030853,0.5936136841773987,10
487,5,18,20,8,0.419647216796875,0.9173786044120789,19
487,8,19,22,11,0.42934757471084595,0.9175700545310974,25
487,0,1,1,0,0.08682459592819214,0.32968541979789734,1
487,0,2,6,1,0.1195448637008667,0.4717436730861664,7
487,0,6,15,4,0.34712323546409607,0.8954569101333618,16
487,2,8,16,5,0.36213353276252747,0.9058513045310974,18
488,9,38,32,19,0.3480740189552307,0.838689386844635,22
488,5,15,14,5,0.29192933440208435,0.8837663531303406,13
488,5,16,27,16,0.4092109799385071,0.9105440974235535,15
488,7,17,27,16,0.42147767543792725,0.9223568439483643,18
488,0,9,11,4,0.2689526379108429,0.7459721565246582,9
488,0,2,3,1,0.1175796240568161,0.5013875961303711,2
488,1,3,7,5,0.21333947777748108,0.6145185828208923,4
488,2,4,8,5,0.22844776511192322,0.64070725440979,5
489,0,1,2,2,0.3570704460144043,0.7824033498764038,0
489,8,24,44,30,0.4155886769294739,0.936950147151947,19
489,1,2,6,5,0.257918119430542,0.7077142000198364,3
489,1,3,7,5,0.2530689239501953,0.7153981924057007,3
489,0,0,0,0,0.3183565139770508,0.6446294784545898,0
489,2,3,10,7,0.20191840827465057,0.658903181552887,5
489,0,0,0,0,0.28864601254463196,0.7092071771621704,0
489,0,0,0,0,0.28520825505256653,0.7091692686080933,0
490,0,5,7,2,0.3705688714981079,0.760945200920105,6
490,0,1,2,0,0.34281471371650696,0.7853788137435913,2
490,0,0,0,0,0.4854237139225006,0.9110028147697449,0
490,0,0,0,0,0.491171658039093,0.9188272953033447,0
490,0,5,12,5,0.3862724304199219,0.7697573304176331,7
490,0,2,2,0,0.4589371681213379,0.8428111672401428,2
490,3,5,11,10,0.4719748795032501,0.8893837928771973,5
490,3,5,11,10,0.4613456726074219,0.8832221627235413,5
491,13,25,21,13,0.3938291370868683,0.8680557012557983,25
491,12,40,30,13,0.4140370190143585,0.7514047622680664,35
491,14,30,26,21,0.34516003727912903,0.6875308752059937,25
491,14,30,29,23,0.33554571866989136,0.6678073406219482,27
491,5,16,25,14,0.3869779109954834,0.9366136193275452,19
491,1,8,15,5,0.26735901832580566,0.6500089764595032,10
491,1,8,13,9,0.24948588013648987,0.626132607460022,7
491,2,9,14,9,0.23254337906837463,0.5882747173309326,12
492,8,23,32,23,0.39675652980804443,0.8638848662376404,16
492,8,26,26,17,0.3882550001144409,0.7772001028060913,18
492,9,30,30,20,0.36259037256240845,0.7365070581436157,22
492,8,30,34,24,0.3578180968761444,0.7243579030036926,27
492,3,13,30,18,0.4026613235473633,0.931733250617981,15
492,1,4,5,1,0.24436572194099426,0.6102305054664612,6
492,3,10,14,6,0.2804633378982544,0.6486047506332397,11
492,3,11,17,9,0.28033918142318726,0.6462946534156799,9
493,7,20,16,11,0.4354410767555237,0.9187982678413391,13
493,9,39,23,17,0.40731412172317505,0.8895739316940308,20
493,7,35,21,16,0.2953645586967468,0.6549040079116821,15
493,8,32,22,17,0.29114940762519836,0.6411368250846863,16
493,0,3,7,3,0.3170658349990845,0.7756370306015015,4
493,3,8,16,8,0.3380110263824463,0.8280903100967407,10
493,6,12,19,11,0.31030046939849854,0.7349789142608643,11
493,6,11,20,13,0.2911015450954437,0.6844470500946045,12
494,8,24,19,12,0.4098999798297882,0.8819029927253723,14
494,5,28,23,14,0.40283745527267456,0.8783477544784546,13
494,3,22,18,9,0.3296380341053009,0.7605709433555603,14
494,2,23,22,12,0.32795608043670654,0.7595003247261047,15
494,0,3,3,1,0.32355183362960815,0.7668776512145996,3
494,0,5,11,4,0.31239816546440125,0.8105708360671997,3
494,0,8,11,3,0.35152679681777954,0.8641877770423889,11
494,1,9,17,7,0.3531954884529114,0.8662109375,12
495,4,18,17,15,0.43240559101104736,0.9566906690597534,9
495,9,29,32,27,0.31481102108955383,0.8015265464782715,16
495,5,30,20,12,0.29866886138916016,0.6602548360824585,18
495,4,32,20,12,0.30041611194610596,0.6618015766143799,12
495,1,5,11,8,0.39391547441482544,0.8546077609062195,7
495,1,4,10,7,0.22444356977939606,0.5826322436332703,3
495,1,7,15,7,0.3385082483291626,0.8108029961585999,11
495,2,8,16,7,0.34262964129447937,0.8108029365539551,12
496,3,16,26,20,0.4035381078720093,0.9454454779624939,12
496,2,7,15,11,0.24115413427352905,0.5221905708312988,12
496,2,17,17,9,0.3390194773674011,0.6445838809013367,12
496,3,19,22,13,0.3550337851047516,0.6840980648994446,17
496,1,4,6,3,0.2579098343849182,0.8294020891189575,6
496,0,2,3,0,0.24926415085792542,0.7077179551124573,1
496,1,17,16,7,0.31264039874076843,0.6940688490867615,8
496,3,18,20,10,0.31461939215660095,0.7026450634002686,12
497,6,20,17,16,0.35785555839538574,0.9329395890235901,8
497,10,23,19,15,0.24269570410251617,0.5837491154670715,14
497,7,26,25,16,0.3032904863357544,0.5859724283218384,19
497,9,28,25,16,0.3165338933467865,0.6002414226531982,21
497,0,2,4,4,0.19006508588790894,0.6775525212287903,2
497,0,4,5,1,0.2241503745317459,0.6644164323806763,5
497,3,13,14,8,0.2539765536785126,0.5989722609519958,14
497,5,17,16,10,0.25718963146209717,0.6059023141860962,15
498,13,21,17,14,0.3816206753253937,0.8950309157371521,21
498,6,23,19,11,0.36175599694252014,0.8279983997344971,15
498,8,27,22,15,0.27886006236076355,0.6938038468360901,21
498,6,31,20,14,0.2803111672401428,0.6997407674789429,16
498,4,13,15,10,0.4582001566886902,0.9602866172790527,15
498,1,2,6,2,0.27660661935806274,0.6687301397323608,6
498,1,6,10,4,0.2475614845752716,0.6112416386604309,7
498,1,7,9,4,0.2550244927406311,0.6367324590682983,7
499,7,23,7,5,0.38155508041381836,0.8893999457359314,12
499,6,30,20,16,0.3268077075481415,0.7487375736236572,13
499,7,33,19,15,0.2793467342853546,0.659438967704773,13
499,10,34,20,16,0.27920666337013245,0.6595094799995422,14
499,5,12,9,5,0.47299087047576904,0.9506446719169617,11
499,1,1,3,3,0.23718994855880737,0.5466552972793579,1
499,0,4,6,4,0.21380940079689026,0.5440239906311035,3
499,2,6,8,6,0.21987904608249664,0.5690061450004578,4
500,10,27,39,31,0.4750678837299347,0.9483934640884399,17
500,7,24,22,18,0.3334020972251892,0.8517596125602722,11
500,7,18,21,15,0.29795002937316895,0.6854417324066162,15
500,7,21,20,14,0.3032567501068115,0.682063639163971,14
500,4,6,20,16,0.4098127484321594,0.8628749251365662,7
500,2,2,8,5,0.21846213936805725,0.6241374611854553,2
500,0,1,2,1,0.2719254493713379,0.7154761552810669,3
500,0,1,2,1,0.2772859036922455,0.7154760956764221,2
501,13,38,31,23,0.4003237783908844,0.9158485531806946,26
501,6,18,22,17,0.254900187253952,0.5958653688430786,14
501,1,9,24,15,0.29075729846954346,0.5492483377456665,13
501,1,9,23,15,0.29802536964416504,0.5677827596664429,13
501,5,19,24,18,0.28125354647636414,0.8969259858131409,14
501,3,10,12,7,0.221867635846138,0.6371184587478638,10
501,0,5,17,10,0.2870800793170929,0.7041799426078796,11
501,0,6,18,12,0.2884829044342041,0.7186234593391418,12
502,10,27,20,13,0.3336297273635864,0.9146124720573425,18
502,13,30,16,10,0.30388695001602173,0.6838767528533936,22
502,1,15,9,2,0.24344012141227722,0.5354160666465759,9
502,0,14,9,2,0.24440890550613403,0.5354468822479248,9
502,0,1,3,1,0.18049851059913635,0.5006208419799805,1
502,0,5,6,1,0.2413228303194046,0.6094413995742798,3
502,0,2,3,1,0.26906299591064453,0.6969265937805176,1
502,0,2,3,1,0.2704569697380066,0.6969265341758728,1
503,3,17,29,17,0.34287238121032715,0.9397088289260864,12
503,11,29,22,15,0.28527331352233887,0.7202123403549194,17
503,2,12,12,7,0.2617660462856293,0.5396708846092224,9
503,2,9,10,5,0.25711145997047424,0.5374727249145508,13
503,1,2,1,1,0.18871188163757324,0.540465772151947,1
503,0,5,16,10,0.24088703095912933,0.6360865831375122,5
503,0,2,15,12,0.27528834342956543,0.6356421709060669,1
503,0,2,14,11,0.27128711342811584,0.6356427669525146,1
504,6,15,23,19,0.28023189306259155,0.8855597376823425,12
504,9,32,29,23,0.2630806565284729,0.6660669445991516,16
504,0,12,11,6,0.26484495401382446,0.5654745697975159,7
504,0,9,14,8,0.27097371220588684,0.5980653166770935,8
504,0,0,3,3,0.1521511971950531,0.3625354468822479,0
504,1,8,18,11,0.24710172414779663,0.593758225440979,5
504,0,4,8,3,0.3101549744606018,0.7400142550468445,4
504,0,5,9,4,0.31275296211242676,0.7655346989631653,3
505,6,37,22,10,0.3781651556491852,0.9414688348770142,17
505,7,29,22,15,0.23699502646923065,0.5612208843231201,13
505,3,14,16,10,0.19659718871116638,0.43965211510658264,8
505,2,13,15,10,0.19268731772899628,0.4345841705799103,6
505,2,11,13,4,0.27779901027679443,0.9077150225639343,9
505,3,13,22,14,0.225080206990242,0.6382783651351929,9
505,4,13,20,13,0.23219066858291626,0.5444411635398865,10
505,1,12,19,13,0.22944258153438568,0.5427277684211731,7
506,7,22,25,17,0.3866446614265442,0.9113235473632812,18
506,9,31,40,29,0.3878925144672394,0.9454216361045837,21
506,7,16,26,22,0.2701297998428345,0.6514010429382324,13
506,6,17,26,22,0.27582478523254395,0.6545169353485107,12
506,3,8,11,7,0.34392452239990234,0.8486503958702087,8
506,1,4,21,14,0.2533408999443054,0.7519321441650391,9
506,0,10,20,16,0.28553637862205505,0.749805212020874,4
506,0,10,21,16,0.29923832416534424,0.7498052716255188,6
507,7,25,15,9,0.3624607026576996,0.842041015625,16
507,7,36,29,16,0.38775160908699036,0.9314287304878235,22
507,0,24,25,15,0.27484023571014404,0.6340331435203552,11
507,0,24,25,14,0.27513745427131653,0.6260930895805359,11
507,3,9,10,7,0.3388766944408417,0.7833431363105774,8
507,0,5,9,3,0.2839809060096741,0.7596307396888733,8
507,0,5,8,3,0.28110450506210327,0.6874735951423645,7
507,0,5,9,3,0.28401726484298706,0.6735470294952393,6
508,10,28,34,23,0.3638201057910919,0.853136420249939,20
508,13,28,38,32,0.356271892786026,0.8891931176185608,23
508,5,20,17,9,0.26345983147621155,0.6693704128265381,14
508,5,22,18,9,0.265688955783844,0.6698569059371948,14
508,2,11,19,13,0.3247449994087219,0.7918620705604553,7
508,0,5,8,6,0.25136613845825195,0.806311309337616,4
508,3,7,8,3,0.2790098488330841,0.7303911447525024,10
508,3,8,9,3,0.285503089427948,0.7281176447868347,9
509,7,13,12,11,0.3578886389732361,0.7101731896400452,10
509,7,44,31,15,0.3769109845161438,0.7854223251342773,27
509,7,38,15,8,0.5550394654273987,0.9053356051445007,17
509,7,36,12,8,0.5677488446235657,0.9224716424942017,14
509,8,18,22,17,0.31538861989974976,0.748303234577179,18
509,1,14,22,9,0.25473982095718384,0.7773020267486572,16
509,2,5,10,5,0.445460706949234,0.8515493869781494,11
509,2,4,8,5,0.4661906957626343,0.8759947419166565,8
510,1,2,2,1,0.41054490208625793,0.8783637881278992,2
510,3,16,10,4,0.4252130687236786,0.8975098729133606,10
510,4,14,15,7,0.4033593535423279,0.8640905022621155,11
510,5,14,16,7,0.4002244174480438,0.86307692527771,13
510,0,0,1,1,0.32181060314178467,0.8004442453384399,0
510,0,1,2,1,0.23264263570308685,0.7915284037590027,1
510,0,4,7,3,0.27361685037612915,0.6823707818984985,3
510,0,4,7,3,0.2807130515575409,0.6823498010635376,3
511,3,9,13,10,0.2669629156589508,0.6420607566833496,8
511,4,11,19,16,0.2800794839859009,0.7234383821487427,9
511,2,10,13,9,0.31745320558547974,0.7988258600234985,7
511,3,10,14,9,0.3183440566062927,0.8030791878700256,10
511,1,3,5,2,0.20544490218162537,0.507369875907898,3
511,1,2,4,3,0.15956558287143707,0.5143627524375916,2
511,1,6,8,4,0.3281676173210144,0.8542706966400146,5
511,0,5,8,4,0.33242353796958923,0.8542706966400146,5
512,4,6,15,10,0.3442172408103943,0.7391837239265442,8
512,3,17,27,14,0.43337130546569824,0.845923900604248,17
512,0,2,5,2,0.2980818748474121,0.7192385792732239,4
512,0,1,4,2,0.28446272015571594,0.6830220818519592,4
512,2,2,6,5,0.20107263326644897,0.6049257516860962,3
512,0,1,4,2,0.2544189393520355,0.6060922145843506,2
512,0,3,8,3,0.30747318267822266,0.8581683039665222,4
512,0,4,10,5,0.30725520849227905,0.8611775636672974,4
513,1,12,24,13,0.3584275245666504,0.7740371227264404,14
513,2,10,23,17,0.25484350323677063,0.6750719547271729,16
513,1,1,5,3,0.3153761625289917,0.8205904960632324,5
513,1,2,7,5,0.3260039687156677,0.8242077231407166,5
513,0,2,2,0,0.1523505449295044,0.5147572159767151,3
513,0,5,9,5,0.21998880803585052,0.559122622013092,6
513,0,3,7,3,0.2962660789489746,0.8076112270355225,3
513,0,4,9,5,0.29834863543510437,0.8110916614532471,4
514,5,22,28,15,0.41509315371513367,0.798546552658081,20
514,6,23,41,32,0.37302571535110474,0.7773115634918213,41
514,7,9,20,15,0.30385154485702515,0.7849985361099243,11
514,6,8,21,15,0.3053112030029297,0.8243057727813721,8
514,1,3,5,0,0.2205803543329239,0.6826104521751404,7
514,0,9,17,7,0.28329309821128845,0.8107479810714722,13
514,1,3,11,6,0.23034614324569702,0.6214092373847961,5
514,1,4,12,6,0.23310445249080658,0.6356141567230225,3
515,0,2,7,3,0.3343989849090576,0.9004758596420288,4
515,0,2,4,1,0.2692914307117462,0.6664358973503113,3
515,1,6,15,10,0.18559592962265015,0.5923085808753967,6
515,0,6,15,10,0.1821383386850357,0.5921022891998291,5
515,0,1,1,0,0.19438672065734863,0.5399667024612427,1
515,0,2,2,0,0.2878863215446472,0.836441159248352,3
515,1,4,10,7,0.13201940059661865,0.6393589377403259,3
515,0,4,10,7,0.11366348713636398,0.5316939949989319,2
516,1,7,12,3,0.24819111824035645,0.6996442079544067,8
516,0,2,9,3,0.27752387523651123,0.8825961351394653,8
516,0,6,14,6,0.31309401988983154,0.8508397936820984,11
516,0,7,16,7,0.30086588859558105,0.7977821230888367,11
516,0,0,0,0,0.13775020837783813,0.45903143286705017,1
516,0,1,2,0,0.21030236780643463,0.8368383646011353,1
516,0,1,5,1,0.2352449744939804,0.7269591093063354,4
516,0,1,7,2,0.2328738570213318,0.6621372699737549,6
517,3,12,6,1,0.4826846718788147,0.8742419481277466,10
517,6,23,17,10,0.4029843211174011,0.7630617618560791,15
517,3,6,4,2,0.5061293840408325,0.9357461333274841,4
517,2,5,3,1,0.5036339163780212,0.9376097917556763,4
517,2,8,8,0,0.39379310607910156,0.8871080875396729,10
517,3,11,14,6,0.27687880396842957,0.683677613735199,12
517,1,4,6,3,0.3554180860519409,0.7591437697410583,3
517,1,3,5,2,0.3559478521347046,0.7642113566398621,4
518,0,0,2,2,0.30767136812210083,0.8177717328071594,1
518,0,5,13,7,0.2980846166610718,0.6648749709129333,8
518,2,9,15,7,0.20608006417751312,0.5577130913734436,10
518,2,12,16,8,0.21698367595672607,0.5794916152954102,11
518,0,0,0,0,0.31540238857269287,0.824021577835083,0
518,0,4,8,4,0.29813262820243835,0.6151840090751648,4
518,1,1,3,2,0.13257476687431335,0.3812120854854584,2
518,1,2,4,3,0.13178153336048126,0.37366387248039246,3
519,0,0,4,2,0.46545732021331787,0.9064286947250366,2
519,1,2,13,8,0.4231633245944977,0.8736204504966736,4
519,0,0,0,0,0.47443097829818726,0.8897491693496704,0
519,0,0,0,0,0.47457170486450195,0.8989571332931519,0
519,2,6,10,4,0.40454450249671936,0.8026373386383057,6
519,1,5,15,8,0.345619261264801,0.7895804047584534,4
519,0,0,0,0,0.42753008008003235,0.8109866380691528,0
519,0,0,0,0,0.43185046315193176,0.8109865784645081,0
520,0,4,8,5,0.35538262128829956,0.7600961923599243,3
520,0,2,4,2,0.25220105051994324,0.8197363615036011,0
520,0,3,7,3,0.23840898275375366,0.7372193336486816,3
520,0,3,8,4,0.2598169445991516,0.7705673575401306,3
520,0,5,12,7,0.3906095325946808,0.7849646210670471,3
520,0,0,3,2,0.23492100834846497,0.6440633535385132,0
520,0,0,3,2,0.20613445341587067,0.6915196776390076,2
520,0,0,4,3,0.22041529417037964,0.7319486737251282,2
521,4,13,16,10,0.34331661462783813,0.7501896023750305,14
521,8,39,32,20,0.36714455485343933,0.7817962765693665,24
521,0,8,12,7,0.4423311948776245,0.7501453161239624,4
521,1,9,13,8,0.4306849241256714,0.7274539470672607,6
521,1,5,11,6,0.21284015476703644,0.5530668497085571,5
521,0,6,8,2,0.27591729164123535,0.8432281613349915,3
521,0,0,2,2,0.3147331476211548,0.7102276086807251,1
521,0,0,2,2,0.31420862674713135,0.7143881320953369,0
522,4,15,19,11,0.38777464628219604,0.8794534802436829,14
522,8,37,32,15,0.4128541648387909,0.8680051565170288,27
522,2,5,8,6,0.5188634395599365,0.8489620685577393,7
522,1,6,9,6,0.5124714374542236,0.8472697734832764,3
522,3,8,13,4,0.28989464044570923,0.7949652671813965,14
522,2,10,11,2,0.23931440711021423,0.7811896800994873,11
522,0,1,3,2,0.3997175395488739,0.8321089148521423,5
522,0,1,3,2,0.40911826491355896,0.8435213565826416,2
523,1,15,26,18,0.45612990856170654,0.9095714092254639,15
523,8,32,35,21,0.36981216073036194,0.7812835574150085,26
523,1,8,19,18,0.5008131265640259,0.7933741807937622,5
523,1,11,23,22,0.507400631904602,0.8012720942497253,5
523,1,5,12,8,0.293087363243103,0.8505339026451111,5
523,1,5,8,4,0.21277543902397156,0.6394788026809692,5
523,0,0,0,0,0.41839325428009033,0.7402632832527161,0
523,0,0,0,0,0.4374030828475952,0.7412713170051575,0
524,3,12,23,14,0.47030091285705566,0.9186083078384399,10
524,8,24,31,20,0.2961506247520447,0.6938270330429077,26
524,2,6,28,25,0.44402891397476196,0.831794261932373,6
524,2,6,26,23,0.4571840167045593,0.8421218991279602,6
524,1,7,13,6,0.33082324266433716,0.8616089820861816,9
524,0,3,5,2,0.20116949081420898,0.5285634994506836,3
524,1,1,6,6,0.3581218719482422,0.6837690472602844,3
524,1,2,6,6,0.3793809413909912,0.7165553569793701,3
525,3,6,13,10,0.42161253094673157,0.8815490007400513,5
525,9,22,34,24,0.27563685178756714,0.7660843133926392,23
525,4,8,23,22,0.43101468682289124,0.8153011202812195,6
525,5,6,22,21,0.43924593925476074,0.815407395362854,6
525,2,6,13,9,0.3575088083744049,0.9016240239143372,7
525,2,4,5,2,0.13273191452026367,0.41030600666999817,4
525,3,6,16,16,0.2988321781158447,0.7308707237243652,5
525,4,6,16,16,0.31214553117752075,0.7355191707611084,6
526,1,22,26,12,0.3243858814239502,0.801755428314209,18
526,6,13,15,12,0.29965484142303467,0.7020595669746399,11
526,1,5,21,16,0.4263826906681061,0.8101186752319336,8
526,1,6,21,16,0.44108206033706665,0.8416611552238464,8
526,0,6,12,9,0.29036441445350647,0.829379677772522,5
526,3,6,10,8,0.20641157031059265,0.7099294662475586,3
526,1,4,16,11,0.3157687187194824,0.7311314344406128,6
526,1,4,15,11,0.33436018228530884,0.7759912014007568,6
527,13,31,33,24,0.355008065700531,0.8128053545951843,28
527,4,19,21,11,0.3380175530910492,0.7823216319084167,18
527,0,8,13,9,0.37059342861175537,0.7636518478393555,6
527,0,9,14,9,0.3728179335594177,0.7633123993873596,8
527,3,7,14,10,0.31019681692123413,0.800690770149231,12
527,0,4,6,1,0.22956600785255432,0.7675954103469849,8
527,0,8,13,7,0.303328275680542,0.779573380947113,8
527,0,9,14,7,0.3088337182998657,0.7798858880996704,10
528,13,38,30,23,0.3173443078994751,0.7329614162445068,21
528,5,14,13,11,0.2380279004573822,0.6063683032989502,10
528,0,9,18,10,0.4014798700809479,0.8315404057502747,9
528,0,11,19,11,0.4187387228012085,0.866901695728302,9
528,3,8,14,13,0.24105238914489746,0.6857650876045227,4
528,0,0,3,2,0.1340622901916504,0.5692240595817566,1
528,0,10,20,9,0.33395546674728394,0.8926329612731934,12
528,0,12,21,10,0.35102641582489014,0.918207049369812,14
529,1,6,20,14,0.23939551413059235,0.621106743812561,3
529,0,6,9,5,0.3067440688610077,0.6933403015136719,6
529,1,14,24,15,0.40670058131217957,0.9176852703094482,14
529,1,14,26,15,0.4043428301811218,0.9176852703094482,13
529,0,1,8,3,0.09096992760896683,0.38602325320243835,1
529,0,9,13,5,0.21271686255931854,0.6817002296447754,6
529,0,5,7,0,0.3253464698791504,0.786354124546051,10
529,0,5,6,0,0.323272705078125,0.7863456606864929,7
530,0,3,8,5,0.3482705056667328,0.6794238090515137,6
530,4,22,35,19,0.3839685916900635,0.7928553223609924,24
530,8,23,26,20,0.4775051772594452,0.8656395077705383,14
530,8,20,25,20,0.4813165068626404,0.865142285823822,13
530,0,3,10,6,0.2274390459060669,0.6692045331001282,8
530,1,6,13,4,0.30683761835098267,0.8679559230804443,11
530,1,2,10,7,0.4046347141265869,0.7788445353507996,3
530,1,2,10,7,0.41874706745147705,0.7788445353507996,3
531,0,5,9,5,0.3774634003639221,0.8204789757728577,5
531,13,34,41,25,0.4366130828857422,0.9186022281646729,27
531,0,0,0,0,0.49351030588150024,0.8741708397865295,0
531,0,1,1,1,0.4933911859989166,0.8740503191947937,0
531,0,5,11,7,0.2751173675060272,0.6434016227722168,3
531,2,8,21,7,0.34854599833488464,0.8666331171989441,10
531,0,2,3,0,0.4303041398525238,0.8152644038200378,3
531,0,1,3,0,0.43256449699401855,0.8129327893257141,4
532,1,3,7,6,0.3085035979747772,0.6449856162071228,3
532,4,16,21,9,0.336974173784256,0.9054755568504333,15
532,0,1,3,1,0.4999655485153198,0.9290878772735596,3
532,0,1,4,2,0.4970215857028961,0.9210984706878662,3
532,1,3,4,4,0.19859671592712402,0.5627328157424927,1
532,0,2,4,1,0.15134724974632263,0.5664818286895752,4
532,1,3,5,3,0.3108383119106293,0.7873594760894775,4
532,1,3,5,3,0.31755930185317993,0.7785377502441406,3
533,0,3,7,6,0.3772570490837097,0.8128512501716614,1
533,6,36,36,21,0.42184144258499146,0.8953848481178284,23
533,0,0,3,1,0.5283188819885254,0.9203896522521973,2
533,0,0,2,1,0.5247291922569275,0.9093894958496094,2
533,0,3,6,6,0.2595020532608032,0.6030591130256653,0
533,0,5,6,2,0.1921319216489792,0.6702194213867188,4
533,0,2,3,0,0.38180017471313477,0.8386674523353577,2
533,0,2,2,0,0.3915308117866516,0.8329005241394043,2
534,0,5,13,9,0.21211539208889008,0.606420636177063,1
534,0,4,12,6,0.17330510914325714,0.583877682685852,7
534,0,3,5,1,0.18494458496570587,0.5262519121170044,4
534,0,4,5,1,0.19474413990974426,0.5344235897064209,3
534,0,3,4,1,0.19863608479499817,0.7593881487846375,1
534,0,0,3,1,0.11551228165626526,0.5826871991157532,2
534,0,1,4,0,0.20364563167095184,0.8151852488517761,4
534,0,2,4,0,0.21458573639392853,0.8151852488517761,4
535,0,1,6,4,0.2293117791414261,0.798037052154541,1
535,1,2,8,6,0.13170363008975983,0.4234289824962616,3
535,1,2,6,5,0.18461285531520844,0.6954264640808105,2
535,1,3,7,6,0.20277966558933258,0.7508649230003357,3
535,0,0,0,0,0.09484381973743439,0.2695406675338745,0
535,0,1,3,2,0.0629500150680542,0.1989928036928177,1
535,0,0,1,0,0.11136732250452042,0.5156165957450867,1
535,0,1,2,1,0.13071738183498383,0.5974760055541992,2
536,1,5,18,12,0.29266515374183655,0.6372398734092712,5
536,12,45,40,24,0.4094192385673523,0.8330807089805603,30
536,1,3,7,4,0.43633541464805603,0.7916410565376282,4
536,1,3,9,6,0.4404957890510559,0.8132003545761108,5
536,0,3,12,8,0.17665261030197144,0.5425594449043274,3
536,1,7,14,5,0.32437825202941895,0.8660559058189392,10
536,1,4,9,4,0.3410956859588623,0.7706923484802246,5
536,1,4,9,5,0.33732450008392334,0.7695021629333496,5
537,9,23,37,22,0.40908822417259216,0.8895443081855774,22
537,2,10,11,4,0.2938942015171051,0.8359151482582092,9
537,6,18,24,19,0.4263823628425598,0.8982974886894226,14
537,6,17,21,18,0.43571147322654724,0.8996472954750061,17
537,1,4,10,6,0.225428968667984,0.748473584651947,6
537,0,1,3,1,0.13471083343029022,0.6836493611335754,2
537,0,2,3,2,0.29546087980270386,0.7800444960594177,2
537,0,2,3,2,0.3094671964645386,0.7920678853988647,2
538,0,1,11,5,0.31359559297561646,0.6986146569252014,2
538,0,7,16,12,0.22457949817180634,0.6938312649726868,2
538,0,1,8,6,0.3932148814201355,0.9322493076324463,1
538,1,3,8,6,0.3949146568775177,0.9314339756965637,2
538,0,1,6,3,0.17475736141204834,0.42868879437446594,0
538,0,2,2,0,0.1266670972108841,0.44689005613327026,3
538,0,6,8,2,0.26438963413238525,0.7341349720954895,7
538,1,8,8,2,0.27486658096313477,0.7339606285095215,7
539,1,8,15,8,0.29516154527664185,0.6859922409057617,10
539,11,23,32,21,0.33163607120513916,0.8298884630203247,28
539,1,4,11,6,0.48721224069595337,0.9084444046020508,7
539,2,3,10,6,0.4847380518913269,0.9074787497520447,5
539,1,7,12,5,0.25057253241539,0.663939356803894,9
539,0,4,12,8,0.21320684254169464,0.6912169456481934,7
539,1,1,8,3,0.3116489052772522,0.7269222140312195,6
539,1,2,7,3,0.31838929653167725,0.7208570837974548,5
540,2,6,19,12,0.31703054904937744,0.769665539264679,10
540,0,8,17,7,0.27396059036254883,0.7920847535133362,11
540,0,4,13,5,0.3099792003631592,0.8494634032249451,5
540,0,5,13,5,0.3261866867542267,0.8570744395256042,6
540,1,4,9,6,0.1657291203737259,0.4597923755645752,4
540,0,3,4,1,0.16731779277324677,0.6506015658378601,3
540,0,0,4,2,0.20044851303100586,0.6356329321861267,2
540,0,2,5,2,0.2251318097114563,0.6912660002708435,3
541,0,2,5,4,0.3319035768508911,0.8923836946487427,0
541,2,6,20,7,0.3397865295410156,0.7642621994018555,8
541,0,3,11,4,0.18643826246261597,0.6907909512519836,4
541,0,2,14,6,0.1720903515815735,0.6648378372192383,0
541,0,1,5,4,0.1654020994901657,0.38691774010658264,0
541,0,1,15,3,0.22960951924324036,0.6738247871398926,5
541,0,0,3,0,0.13035660982131958,0.5902628302574158,0
541,0,0,3,0,0.11434359103441238,0.5489948987960815,0
542,0,0,4,3,0.2552008032798767,0.5089246034622192,0
542,3,10,16,6,0.3850501775741577,0.8297550082206726,15
542,1,8,17,10,0.3254256248474121,0.9168646931648254,14
542,2,9,17,10,0.3234339654445648,0.9262318015098572,11
542,0,0,3,2,0.23582926392555237,0.5742567777633667,1
542,0,1,2,0,0.28744256496429443,0.8025622367858887,4
542,1,4,6,4,0.16887082159519196,0.6920448541641235,2
542,2,4,6,4,0.16268301010131836,0.6905220150947571,3
543,1,3,8,5,0.22056302428245544,0.4477725028991699,3
543,0,3,5,2,0.21760980784893036,0.682872474193573,3
543,1,7,18,9,0.33570119738578796,0.9193546175956726,10
543,1,8,18,9,0.3595348000526428,0.9193546175956726,10
543,1,4,10,6,0.21350406110286713,0.6054006814956665,5
543,0,0,2,1,0.15952317416667938,0.5449610352516174,1
543,0,1,4,1,0.13379044830799103,0.5166760683059692,2
543,0,2,4,1,0.1520637571811676,0.5483818054199219,2
544,1,24,44,34,0.39196473360061646,0.7298581004142761,8
544,4,21,32,27,0.5023579001426697,0.9033365845680237,11
544,3,14,27,22,0.5159998536109924,0.9041135311126709,8
544,2,24,45,35,0.3906064033508301,0.7297085523605347,12
544,3,21,32,27,0.5062493085861206,0.9033366441726685,11
544,4,14,27,22,0.5187721848487854,0.9041135311126709,9
545,4,42,39,26,0.39816194772720337,0.7959665656089783,18
545,2,26,38,29,0.44172585010528564,0.8458823561668396,8
545,2,16,31,25,0.4555441737174988,0.85267573595047,6
545,2,44,41,28,0.4079388380050659,0.7972373366355896,16
545,3,26,44,35,0.4410827159881592,0.8458810448646545,10
545,2,16,37,31,0.4550182819366455,0.85267573595047,9
546,5,23,30,24,0.3999921679496765,0.8140959143638611,13
546,2,20,20,14,0.4662199318408966,0.8793495893478394,10
546,2,20,16,10,0.4780002236366272,0.8861322999000549,11
546,5,25,33,27,0.41536688804626465,0.8275007009506226,12
546,3,21,21,15,0.4588896930217743,0.879194438457489,11
546,2,21,17,11,0.46988534927368164,0.8859445452690125,11
547,2,36,44,32,0.4804634153842926,0.8747940063476562,12
547,3,42,32,25,0.5724877119064331,0.9092188477516174,6
547,1,32,29,24,0.5609285235404968,0.8874687552452087,6
547,3,36,44,32,0.4630780816078186,0.8727661371231079,14
547,2,42,34,27,0.5760766863822937,0.9092187881469727,6
547,1,32,31,26,0.5651887655258179,0.8874687552452087,5
548,7,34,53,46,0.41273194551467896,0.8100494742393494,12
548,5,23,42,33,0.4981314539909363,0.8968841433525085,15
548,4,19,36,30,0.5223270654678345,0.911212682723999,14
548,7,39,59,51,0.41557952761650085,0.8100880980491638,15
548,5,23,43,33,0.4907633662223816,0.8957992792129517,16
548,4,19,37,30,0.5140074491500854,0.9105045795440674,13
